vehicle_id,mileage,engine_temp,tire_pressure,battery_health,oil_level,brake_wear,days_since_last_maintenance,maintenance_status
52,40672.0,78.3,27.9,55.9,87.1,30.3,279,1
93,88922.0,71.2,26.3,82.3,88.4,48.6,87,0
15,102020.0,88.1,34.1,88.2,86.5,42.2,299,1
72,34624.0,97.3,25.9,54.3,83.9,10.6,291,2
61,68529.0,112.0,35.1,42.5,49.0,93.8,354,2
21,28549.0,76.4,33.0,77.4,37.4,4.4,69,1
83,7851.0,110.0,34.9,73.8,94.3,75.0,123,2
87,56771.0,113.2,33.9,64.1,44.6,7.1,79,1
75,54442.0,77.5,31.3,78.6,51.9,46.7,44,1
75,149322.0,112.6,28.0,73.0,76.0,17.5,232,2
88,66953.0,119.6,29.6,55.0,43.5,14.1,153,2
24,50035.0,106.3,32.9,63.9,85.5,12.6,179,1
3,87071.0,109.2,34.8,65.7,25.6,45.3,30,2
22,13315.0,119.7,36.7,92.8,83.3,51.5,84,1
53,144250.0,100.3,36.5,97.7,68.1,13.3,44,1
2,95244.0,85.4,39.6,93.6,65.8,97.9,322,1
88,113226.0,111.9,29.3,83.2,56.7,25.8,331,2
30,25572.0,100.7,26.1,75.1,42.2,45.9,242,2
38,61422.0,99.1,30.2,81.4,57.1,21.6,39,1
2,63403.0,82.7,36.1,96.3,56.0,49.4,181,1
64,123271.0,107.8,31.6,55.0,66.7,75.6,296,2
60,186.0,74.1,37.3,72.1,42.5,52.1,80,1
21,45128.0,116.2,33.2,81.4,26.2,28.6,37,1
33,147185.0,86.3,38.9,80.8,31.6,24.8,355,2
76,71233.0,76.4,39.2,55.1,75.9,75.9,56,1
58,57379.0,92.1,26.0,75.2,21.8,11.8,321,2
22,17974.0,72.1,31.8,87.8,88.5,37.0,29,0
89,146125.0,104.2,34.1,68.5,75.6,15.1,265,2
49,3004.0,115.1,28.8,87.6,81.4,25.8,226,1
91,110577.0,111.9,31.1,61.6,86.9,15.3,316,2
59,115290.0,76.4,35.2,96.3,29.8,88.7,291,2
42,36549.0,76.3,28.4,72.0,85.8,73.2,53,1
92,100734.0,110.7,34.0,75.8,60.4,56.1,96,2
60,13939.0,116.2,35.5,41.9,90.8,22.4,3,1
80,38557.0,93.0,26.4,50.2,90.9,51.0,309,2
15,118185.0,94.9,32.5,78.0,21.9,52.1,90,2
62,129703.0,85.9,28.9,65.2,50.6,59.0,88,2
62,91273.0,114.7,35.9,70.5,62.1,6.0,319,2
47,76026.0,102.2,27.8,43.8,74.3,97.3,91,2
62,23896.0,84.4,38.4,90.0,42.9,46.5,149,0
51,9466.0,84.9,31.5,87.1,40.2,92.7,233,1
55,17647.0,114.6,28.0,51.1,50.5,1.0,336,2
64,34104.0,70.7,31.6,78.1,60.1,24.8,58,0
3,51251.0,86.1,31.1,89.1,96.1,10.4,184,1
51,57136.0,97.7,31.4,78.5,81.0,77.0,43,1
7,51948.0,77.4,33.8,58.6,54.3,32.0,179,1
21,35858.0,74.6,32.8,79.4,24.3,84.0,75,1
73,76459.0,110.8,27.2,52.6,33.5,83.2,143,2
39,123793.0,114.7,26.0,59.1,56.5,66.8,100,2
18,41956.0,111.2,35.9,54.4,85.1,66.6,271,2
4,141358.0,114.9,33.4,73.4,50.5,70.0,54,2
89,131000.0,97.7,30.4,46.5,63.1,67.4,188,2
60,24265.0,110.6,37.1,96.0,91.3,38.7,350,1
14,117941.0,89.2,30.8,60.0,93.1,68.3,334,2
9,86188.0,103.3,36.9,53.1,37.3,89.7,76,2
90,84986.0,119.4,29.6,69.8,23.5,33.3,295,2
53,58656.0,81.3,26.1,56.6,44.4,94.5,218,2
2,75173.0,89.5,39.0,72.1,75.7,1.4,276,1
84,59577.0,94.0,30.9,60.9,96.1,34.9,65,0
92,80960.0,76.9,36.9,47.9,26.2,13.2,135,2
60,94193.0,74.1,29.2,56.0,22.3,12.7,233,2
71,101146.0,111.5,34.7,66.3,90.7,81.5,198,2
44,79872.0,118.8,38.1,41.8,79.9,91.8,265,2
8,108213.0,90.2,25.6,86.2,99.4,77.8,42,1
47,21192.0,74.4,37.5,77.3,51.7,97.7,360,2
35,31797.0,73.3,33.6,76.1,53.3,21.6,227,1
78,122810.0,114.6,34.1,72.8,33.8,14.1,226,2
81,48379.0,93.2,32.8,75.4,29.3,52.1,62,1
36,3434.0,86.0,38.1,96.1,66.3,82.9,170,1
50,23069.0,93.8,25.7,40.5,49.1,4.0,249,2
4,33542.0,85.9,28.9,42.9,26.4,99.6,337,2
2,143598.0,94.5,38.1,51.5,91.0,60.2,249,2
6,85956.0,113.0,36.3,50.0,35.9,97.9,306,2
54,139910.0,99.6,25.3,50.9,79.9,36.5,237,2
4,86275.0,104.7,32.8,80.3,42.6,45.8,55,1
54,71903.0,88.2,32.9,67.6,85.0,75.2,170,1
93,47059.0,106.9,31.0,99.5,29.5,79.3,33,2
63,90956.0,103.3,29.5,53.6,80.5,23.3,314,2
18,20880.0,76.0,35.2,58.6,27.8,93.0,129,2
90,134739.0,98.6,28.1,99.1,55.8,86.7,129,2
44,124400.0,82.8,37.0,89.9,78.7,1.8,150,1
34,47630.0,110.2,37.0,68.2,33.9,12.9,142,2
74,142920.0,91.3,31.2,73.3,42.9,49.6,117,1
62,123780.0,119.7,29.3,90.6,89.2,46.1,203,2
14,99946.0,74.6,29.3,68.9,90.8,70.8,234,2
95,18264.0,109.0,32.2,52.4,23.6,9.0,16,2
48,71735.0,103.7,35.8,89.7,33.4,64.5,81,1
15,75916.0,108.4,30.4,72.3,29.4,61.6,13,2
72,34883.0,85.4,34.2,49.2,34.4,23.4,80,1
78,11995.0,94.6,30.7,70.3,97.6,54.2,206,1
87,116509.0,109.8,29.6,64.8,64.1,22.2,203,2
62,18305.0,81.6,25.4,92.6,57.4,14.7,271,1
40,89144.0,81.3,25.1,47.6,98.8,57.3,31,1
85,140467.0,97.6,28.4,92.5,64.6,97.7,22,2
80,131416.0,96.2,31.1,70.7,72.9,23.7,101,1
82,41663.0,84.1,37.8,64.3,46.6,35.5,161,1
53,127717.0,84.9,37.0,49.7,50.6,25.7,97,2
24,50.0,83.9,29.0,82.0,67.6,26.6,143,0
26,2653.0,108.6,28.7,95.6,25.6,40.4,103,2
89,90383.0,102.6,28.4,62.5,40.5,70.2,323,2
60,54720.0,111.6,30.1,54.5,35.7,3.9,170,2
41,57969.0,118.8,32.5,73.3,21.3,95.7,63,2
29,84666.0,93.7,31.6,87.8,63.0,4.6,243,1
15,28767.0,73.3,28.3,40.2,64.9,88.1,70,1
45,31763.0,72.4,27.0,77.9,50.7,89.4,273,2
65,72690.0,84.8,25.2,75.8,41.5,52.4,124,2
89,113138.0,116.6,27.3,59.1,72.2,13.7,316,2
71,92925.0,96.2,35.6,67.1,30.8,56.5,330,2
9,44603.0,83.6,28.7,54.8,61.5,62.9,106,1
88,64551.0,90.0,32.0,87.4,81.4,85.8,147,1
1,25600.0,99.9,33.9,78.1,33.1,55.1,191,2
8,11194.0,102.6,38.3,72.0,80.3,41.1,336,1
88,117404.0,77.7,38.3,63.6,80.9,83.8,225,2
63,39808.0,118.9,36.2,57.5,24.8,98.1,241,2
11,26665.0,97.2,25.5,89.4,21.5,64.5,361,2
81,103743.0,76.8,33.6,67.1,97.9,87.4,283,2
8,92708.0,114.7,36.8,70.1,35.5,59.9,162,2
35,94978.0,73.7,25.3,71.2,85.8,69.0,7,1
35,34334.0,115.4,33.2,66.9,64.9,68.8,346,2
33,34897.0,119.8,37.9,55.4,41.2,70.5,151,2
5,33120.0,105.0,32.1,47.2,30.4,32.1,321,2
41,26063.0,108.5,25.1,45.9,59.7,57.6,94,2
28,98359.0,86.9,25.2,85.4,52.6,59.4,213,2
7,127202.0,117.1,31.2,53.4,75.9,31.5,63,2
73,108648.0,96.5,27.3,43.3,92.3,35.0,64,2
72,118814.0,106.6,35.0,87.9,84.4,76.2,269,2
12,60720.0,116.2,35.6,49.2,42.0,58.3,24,2
34,98111.0,118.8,27.7,77.5,90.3,14.9,99,2
33,53135.0,111.7,38.3,60.3,86.7,83.8,104,2
48,78826.0,85.2,31.6,47.6,94.3,88.3,130,2
23,72245.0,118.3,27.1,64.9,56.7,46.6,320,2
62,26533.0,101.4,36.5,40.9,81.5,20.9,18,1
88,58062.0,116.5,36.8,90.5,67.3,94.8,224,2
37,144573.0,103.8,34.6,70.8,44.8,88.2,105,2
99,37287.0,85.4,37.8,48.3,99.6,24.4,53,0
44,20071.0,88.5,36.1,54.2,23.1,9.6,225,2
86,62787.0,97.5,38.2,66.9,33.0,44.1,359,2
91,118551.0,109.5,31.5,51.3,91.4,67.6,14,2
35,87322.0,85.9,36.2,56.1,24.8,17.5,47,1
65,102146.0,99.0,40.0,72.1,90.9,51.3,138,2
99,28454.0,87.3,35.9,90.0,77.2,42.5,33,0
47,92842.0,110.8,26.7,64.1,22.9,89.1,354,2
78,48525.0,93.3,32.8,83.0,54.3,43.0,209,1
3,125146.0,73.8,33.8,92.6,80.4,53.4,18,1
1,94395.0,78.3,27.6,53.0,66.6,95.5,195,2
5,29828.0,73.1,39.4,88.4,94.9,30.0,325,0
90,9693.0,95.0,27.6,85.4,89.4,28.9,114,0
14,6395.0,75.3,27.7,61.4,46.6,80.0,351,2
27,55711.0,75.7,38.7,99.4,26.8,27.8,74,1
9,39878.0,117.1,32.0,55.8,95.5,83.2,149,2
79,96914.0,113.6,25.9,55.3,61.4,9.6,35,2
15,74900.0,92.6,34.0,86.3,26.0,11.1,241,1
90,39903.0,119.3,34.0,66.1,85.3,90.1,150,2
42,22386.0,70.0,26.0,59.8,89.5,54.1,62,1
77,19080.0,100.7,39.6,50.7,71.2,71.9,153,2
51,129699.0,100.8,33.2,85.9,55.8,22.5,187,2
63,36522.0,92.9,33.4,87.2,73.0,16.6,222,0
96,97757.0,89.8,32.8,74.0,76.5,83.5,92,1
52,121603.0,92.8,34.2,97.4,91.4,35.9,4,0
96,92112.0,90.7,29.0,59.1,96.5,45.5,165,1
4,128935.0,106.5,29.3,53.2,61.1,2.8,24,2
94,58859.0,76.8,32.7,80.6,83.9,38.6,97,0
23,143433.0,79.9,37.1,85.5,97.2,77.0,267,2
15,19972.0,79.0,25.7,53.5,32.1,82.1,149,2
43,15322.0,83.1,34.1,44.6,21.5,69.9,251,2
29,98804.0,96.3,37.1,88.6,89.5,69.2,83,1
36,141425.0,75.6,27.4,98.6,35.6,50.6,284,2
13,121333.0,113.4,25.2,78.7,23.4,53.8,171,2
32,11463.0,84.9,29.7,56.7,32.8,74.3,220,2
71,41905.0,78.1,33.8,99.8,50.7,24.7,108,0
59,139548.0,103.8,27.1,93.6,37.5,23.2,26,2
86,37959.0,71.9,31.4,70.8,44.4,95.0,245,2
28,117176.0,101.0,33.3,89.5,98.0,2.8,54,1
66,123770.0,104.9,34.0,88.9,76.4,13.9,132,1
42,74318.0,80.7,29.1,96.1,77.0,57.0,51,1
45,57952.0,72.1,31.0,90.5,27.6,73.8,252,2
62,67519.0,88.2,36.7,78.6,78.6,53.8,268,1
57,34045.0,74.9,39.1,76.6,79.1,35.5,297,1
6,133409.0,75.8,37.9,68.0,72.8,97.8,78,1
28,67593.0,82.7,33.5,77.6,38.3,70.4,17,2
28,132369.0,84.8,31.2,87.7,53.8,83.1,305,2
44,15854.0,96.5,30.0,98.1,87.7,4.0,257,1
84,148241.0,103.9,26.9,68.0,73.6,23.6,342,2
30,66491.0,99.6,26.6,74.4,78.6,37.4,106,1
62,7175.0,77.4,35.3,66.7,67.0,18.3,46,0
75,5703.0,78.6,28.9,80.1,56.0,7.3,245,1
92,111931.0,113.9,28.8,77.8,80.7,22.5,88,2
89,98855.0,97.9,40.0,41.1,25.4,53.4,202,2
62,120320.0,113.5,27.8,72.5,73.9,69.6,239,2
97,15805.0,88.6,27.2,45.3,99.8,77.4,267,2
1,5336.0,100.7,26.5,41.6,82.4,4.3,12,1
27,76287.0,96.2,33.7,87.5,43.2,42.8,136,1
62,58139.0,86.0,34.4,55.5,42.2,12.2,314,2
77,69292.0,93.5,30.5,60.4,73.4,43.1,172,1
3,148738.0,95.1,33.0,43.8,91.7,43.4,229,2
70,145612.0,80.0,36.8,50.8,66.2,49.8,197,2
72,141347.0,85.8,37.3,85.9,62.2,89.3,242,2
27,117576.0,109.6,39.4,69.6,32.8,80.5,42,2
9,53226.0,115.8,37.4,92.8,77.2,63.7,329,2
62,61820.0,88.0,33.5,63.8,76.2,88.5,278,2
37,82442.0,85.3,27.7,56.1,97.4,67.8,78,1
97,124580.0,79.8,26.5,60.9,44.0,81.9,278,2
51,10307.0,103.9,25.8,82.8,80.5,56.4,231,1
44,63645.0,86.2,35.0,73.3,54.7,52.5,100,1
24,12393.0,119.4,37.1,94.3,64.7,72.4,161,1
79,77199.0,86.3,32.6,76.1,85.3,2.0,143,1
59,134835.0,89.7,25.8,69.6,37.8,69.0,108,2
32,117373.0,100.2,33.0,87.1,47.4,93.5,232,2
96,34176.0,110.1,39.0,96.9,81.9,71.4,110,1
88,146399.0,93.5,34.0,61.4,65.6,3.7,231,1
52,100103.0,91.1,37.1,55.0,27.4,37.8,237,2
62,1564.0,119.8,37.0,77.0,54.4,81.0,196,2
58,38312.0,70.5,39.0,69.9,66.9,95.9,272,1
52,39107.0,114.8,36.6,99.4,92.8,37.0,85,0
12,10388.0,77.5,36.2,67.7,35.1,84.1,294,2
39,143974.0,109.3,28.5,44.5,84.5,86.4,40,2
2,71738.0,100.9,25.9,98.6,30.4,12.3,47,1
3,134372.0,87.1,32.8,90.6,39.4,84.6,76,2
56,48332.0,113.7,26.9,50.7,39.5,32.4,177,2
81,18785.0,70.6,39.4,94.3,90.2,59.3,256,1
59,71150.0,81.3,29.3,60.4,35.9,53.9,116,2
2,17093.0,98.3,37.8,62.6,83.0,66.3,18,1
2,72902.0,87.6,30.8,94.4,56.9,74.0,58,1
92,138045.0,100.5,29.8,71.8,99.9,44.1,195,2
54,78115.0,71.2,39.0,48.3,87.1,88.8,106,2
87,92475.0,75.8,30.4,62.1,79.2,80.9,283,2
96,23496.0,76.4,30.9,83.3,89.7,78.5,33,0
97,6560.0,79.5,26.6,50.5,70.7,45.8,294,1
1,16621.0,93.0,35.1,75.4,87.5,3.8,250,1
19,89780.0,107.6,29.3,81.7,40.9,49.2,125,2
2,14252.0,115.3,33.8,60.6,27.8,89.8,338,2
53,56399.0,111.8,33.9,81.6,69.3,19.0,105,1
44,82514.0,79.8,35.8,93.1,54.8,98.3,179,1
90,58298.0,92.1,36.2,68.3,54.1,80.8,109,2
32,24553.0,80.0,32.7,63.0,62.1,71.0,227,1
70,41069.0,83.2,30.0,55.1,48.9,67.7,120,1
32,139248.0,95.2,37.6,76.3,70.1,58.7,106,2
68,101397.0,73.4,29.6,92.8,22.4,72.1,130,2
55,74407.0,80.9,32.6,59.5,97.6,42.2,22,1
75,1907.0,116.8,31.0,63.8,94.0,84.5,144,2
56,148862.0,93.3,37.8,64.4,94.8,69.6,326,2
17,100718.0,92.3,31.5,73.6,49.2,77.1,153,2
38,47538.0,70.7,30.8,53.7,62.6,79.2,106,1
24,131890.0,82.4,35.3,89.3,96.3,9.2,145,1
69,38765.0,113.3,34.0,57.7,92.2,5.6,251,2
98,81602.0,78.2,26.6,82.3,83.2,80.1,301,2
70,95411.0,90.8,32.6,70.8,52.6,25.9,69,1
86,33160.0,70.7,36.0,75.2,65.1,58.2,30,0
11,146760.0,93.9,39.9,50.8,83.4,44.4,92,1
16,112229.0,71.1,34.4,84.1,41.8,2.2,136,1
97,83672.0,111.0,30.6,51.3,70.1,4.0,162,2
73,27089.0,111.2,28.4,46.8,86.2,82.7,80,2
59,8079.0,109.4,38.1,72.8,76.6,60.8,315,2
70,48009.0,84.2,37.2,82.6,58.4,52.4,75,0
80,112978.0,111.9,28.5,43.0,66.8,94.4,62,2
93,40400.0,97.1,28.0,44.2,99.1,17.3,99,1
3,80933.0,88.7,35.7,88.2,68.2,25.8,47,0
20,109192.0,101.3,29.7,88.5,82.8,75.7,73,2
59,16192.0,70.6,29.6,54.7,78.1,77.5,313,2
36,102795.0,77.1,27.3,76.9,76.1,40.5,191,2
19,13781.0,107.1,29.0,66.6,77.3,95.1,29,2
90,144769.0,82.2,31.4,78.0,56.4,93.8,156,2
67,73259.0,99.9,36.0,91.8,57.9,1.2,265,1
19,22601.0,89.3,30.0,44.8,57.4,17.2,255,1
20,51358.0,112.7,29.9,86.7,22.7,82.0,38,2
96,62012.0,117.6,29.3,69.6,39.3,33.5,54,2
71,113728.0,114.2,32.2,73.8,32.4,9.5,27,2
52,111514.0,83.5,27.7,79.2,90.9,78.5,117,2
33,91791.0,79.7,32.3,95.4,42.0,45.5,208,1
40,15890.0,93.7,35.6,43.4,31.1,49.2,74,1
39,22735.0,70.4,25.4,41.8,29.6,18.6,64,1
82,14064.0,71.3,25.1,50.7,76.0,66.1,336,2
1,86576.0,97.7,26.1,99.2,20.5,55.1,355,2
11,131571.0,96.0,33.0,82.9,57.7,20.7,99,1
92,65070.0,119.7,37.8,76.9,29.5,34.0,45,2
57,24127.0,80.1,25.1,42.8,88.0,59.7,315,2
89,83706.0,82.9,39.0,92.7,96.7,92.5,155,1
50,121763.0,75.7,26.6,88.8,96.7,92.0,239,2
23,111257.0,115.9,37.6,79.9,55.4,28.8,352,2
31,132218.0,108.9,32.2,60.3,71.6,73.6,258,2
94,41685.0,111.1,34.9,44.2,68.0,77.6,135,2
42,29093.0,115.1,32.7,74.8,48.0,80.9,197,2
99,131972.0,96.2,32.2,83.2,55.5,57.1,186,2
7,98634.0,92.6,37.5,45.7,25.1,1.1,115,2
16,46639.0,86.5,36.3,78.0,83.7,76.2,57,1
90,111352.0,99.5,32.3,57.2,39.3,10.7,69,2
60,122268.0,92.7,26.7,85.9,56.8,11.7,92,1
2,92247.0,92.6,26.7,72.4,58.4,60.6,228,2
1,103183.0,116.8,37.0,47.7,64.9,98.4,136,2
48,56289.0,119.2,32.9,71.6,85.4,24.3,104,1
12,80804.0,109.8,32.2,63.7,75.4,64.6,304,2
69,78624.0,107.8,35.2,50.8,73.0,30.4,338,2
37,127207.0,104.0,37.9,90.5,62.1,89.9,16,1
32,125995.0,78.3,34.4,40.7,27.7,59.4,53,2
9,124902.0,73.0,36.4,58.7,52.2,20.7,111,2
99,1655.0,104.5,36.5,40.8,96.6,26.2,171,1
19,112432.0,106.4,30.3,45.8,99.6,43.2,304,2
48,113801.0,72.3,29.1,57.8,78.4,12.2,143,2
80,101757.0,116.4,37.0,43.3,38.2,7.9,84,2
3,113440.0,74.6,30.7,75.8,28.2,68.0,11,2
20,126296.0,84.3,38.6,45.2,53.2,40.7,251,2
24,70548.0,103.6,26.0,82.1,88.5,72.6,215,2
54,75308.0,78.5,25.9,43.2,77.7,11.0,125,1
33,18707.0,72.8,38.9,43.6,90.7,61.0,97,1
24,57806.0,86.6,34.7,58.3,69.3,44.3,303,1
75,96505.0,108.3,30.7,93.8,30.4,5.8,27,1
72,117060.0,90.7,36.3,78.5,29.2,54.5,335,2
36,32581.0,102.6,35.1,86.2,23.8,8.3,265,1
38,20673.0,99.0,33.0,48.5,65.4,82.8,51,1
84,99456.0,71.1,26.5,90.0,39.4,63.2,142,2
99,282.0,119.4,37.2,40.5,78.8,55.7,131,2
89,26756.0,72.1,38.0,52.8,74.9,13.3,345,1
99,4361.0,118.4,27.6,77.0,45.4,28.7,206,2
25,25033.0,97.5,37.8,62.5,34.1,49.3,61,1
93,27198.0,118.2,38.2,99.1,28.2,63.3,362,2
18,58151.0,75.7,33.2,41.8,79.0,18.3,131,1
82,60349.0,94.5,34.8,99.9,56.0,0.9,40,0
66,131139.0,78.5,30.7,77.4,45.9,34.5,200,2
54,76516.0,72.5,29.2,73.5,88.5,48.3,98,1
35,108511.0,100.9,35.8,43.6,67.5,18.4,310,2
80,15621.0,80.4,37.9,56.4,61.4,49.2,283,1
61,33816.0,99.4,34.8,95.5,79.5,33.8,356,1
41,105442.0,75.6,32.7,61.3,85.2,45.5,46,1
33,7921.0,86.6,27.4,79.7,74.9,34.7,136,1
68,72990.0,109.1,25.8,100.0,55.2,62.8,129,2
33,89905.0,91.9,31.7,55.8,50.3,4.3,194,2
14,90322.0,101.4,25.7,74.6,81.7,17.1,116,1
21,3440.0,102.4,33.5,81.8,61.4,43.3,363,1
48,48316.0,112.2,30.7,49.9,76.4,35.6,68,1
20,95474.0,86.2,36.4,48.9,91.2,39.2,27,1
8,22350.0,104.4,29.6,67.4,93.3,80.4,334,2
7,104312.0,118.1,33.9,63.1,42.2,88.6,13,2
67,111889.0,106.5,33.1,82.9,35.0,24.9,45,2
17,147295.0,94.5,25.1,44.2,40.9,83.6,15,2
33,31476.0,101.5,26.1,98.3,80.1,45.9,208,1
48,123770.0,107.0,29.4,40.9,49.6,27.4,157,2
76,78044.0,100.6,38.2,76.1,33.9,98.5,336,2
59,56019.0,70.8,27.2,73.8,27.9,82.5,226,2
86,18357.0,79.7,35.7,48.1,46.2,99.4,240,2
22,110326.0,110.5,39.6,49.1,30.9,16.8,57,2
30,35379.0,83.6,36.9,87.6,32.5,14.4,303,1
38,55713.0,106.6,28.6,93.3,74.7,50.3,304,2
51,9381.0,88.6,38.6,57.0,21.6,63.9,344,2
54,120205.0,96.1,26.4,66.3,29.4,17.1,129,2
8,114988.0,73.4,32.0,61.3,87.5,86.0,216,2
27,110042.0,79.1,38.3,44.4,87.6,53.2,13,1
27,44917.0,117.9,34.6,80.4,46.3,41.1,358,1
98,26022.0,114.5,31.2,89.5,27.0,60.2,242,2
21,95633.0,102.6,29.4,58.3,76.4,63.5,144,2
30,74425.0,93.0,30.6,99.4,48.8,4.3,325,1
97,26738.0,103.8,32.6,44.6,23.6,100.0,102,2
28,102887.0,100.9,29.8,79.7,32.6,36.4,216,2
64,148669.0,98.4,39.5,66.9,31.0,6.2,357,2
97,112083.0,73.0,39.0,66.8,67.1,85.2,63,1
69,110998.0,101.6,38.1,67.5,91.8,99.3,157,2
61,142547.0,108.4,31.3,55.5,83.4,81.6,161,2
48,30440.0,119.7,35.4,82.9,63.7,85.2,17,1
19,84832.0,70.6,38.5,83.3,53.8,62.6,215,1
4,146947.0,106.5,37.8,56.9,69.5,92.2,318,2
35,24794.0,98.6,31.2,90.1,55.5,3.6,48,0
64,105038.0,91.7,26.7,59.0,39.7,76.7,55,2
49,87872.0,76.4,26.1,83.5,74.3,67.1,346,1
17,87972.0,90.5,33.7,47.3,89.9,5.0,57,1
44,104651.0,87.7,34.6,50.1,49.8,54.4,154,2
92,139443.0,85.1,37.7,58.9,87.3,51.5,54,1
30,117387.0,106.5,29.4,75.6,54.5,69.2,340,2
93,8420.0,105.0,27.5,78.7,52.1,7.8,18,1
46,127909.0,99.5,30.7,63.8,22.3,80.5,150,2
6,33831.0,116.9,30.3,44.7,75.6,13.9,358,2
99,56537.0,87.5,27.0,62.4,84.6,41.9,107,1
37,69260.0,82.2,35.1,81.3,73.1,88.1,46,1
24,72136.0,102.8,32.6,80.3,32.1,56.1,206,2
93,65277.0,79.9,35.8,49.6,28.3,38.0,362,2
46,140603.0,85.8,30.3,40.5,65.8,4.8,339,2
53,105903.0,81.2,29.9,85.2,52.1,67.2,127,2
95,94676.0,73.5,32.1,46.4,54.3,98.7,184,2
99,7476.0,111.4,38.2,44.9,97.4,91.2,57,2
60,135587.0,82.7,25.6,40.2,77.9,71.7,142,2
97,136409.0,93.7,37.1,66.0,52.9,10.5,96,1
63,117032.0,72.2,30.5,70.2,21.5,23.9,46,1
85,1054.0,105.0,37.8,78.3,22.7,18.7,190,2
32,8592.0,86.5,37.0,57.8,74.8,35.5,139,1
87,33784.0,107.2,30.2,82.6,87.0,23.6,102,1
33,19702.0,90.6,35.4,50.2,76.6,24.4,230,1
67,59825.0,79.8,27.4,89.9,52.5,61.7,339,2
18,138393.0,95.7,38.4,74.3,22.5,31.9,48,2
25,70809.0,76.5,31.1,75.0,97.4,67.7,111,1
95,2010.0,92.0,31.8,52.6,98.9,94.8,315,2
54,42412.0,85.9,35.6,44.4,63.9,63.8,321,1
58,6689.0,115.6,37.3,67.9,25.7,75.2,86,2
67,5443.0,73.0,28.5,76.9,63.3,75.2,281,2
46,41358.0,104.7,34.9,45.7,91.4,33.1,326,1
24,41342.0,79.1,30.9,97.0,74.4,1.5,251,0
32,118069.0,86.0,30.5,98.8,77.6,5.5,73,0
47,146225.0,90.8,35.4,72.7,26.8,28.2,46,1
86,55681.0,115.4,30.8,97.0,28.5,69.0,75,2
23,64333.0,82.1,30.2,50.8,30.2,90.7,95,2
66,126718.0,74.6,37.5,41.5,92.4,95.9,30,2
27,40221.0,85.9,26.5,42.4,62.1,2.6,21,1
2,23457.0,75.2,35.1,75.3,83.3,99.0,16,1
90,127963.0,76.4,28.7,43.7,29.2,32.2,211,2
17,6975.0,98.7,25.2,97.5,94.2,84.3,147,1
33,92955.0,73.0,27.5,48.5,85.7,18.0,234,2
9,84299.0,71.5,34.1,58.3,38.0,6.3,353,2
43,51888.0,105.7,35.6,89.4,89.9,37.8,304,1
48,47278.0,88.1,25.3,53.1,41.1,85.9,86,2
39,115779.0,76.3,25.5,54.6,36.4,22.1,37,2
93,12964.0,82.7,38.5,78.5,41.1,15.4,52,0
42,35518.0,102.1,26.1,56.6,92.8,91.0,27,2
26,109867.0,83.8,38.4,53.0,93.2,93.8,76,2
99,82248.0,94.7,28.4,55.3,46.3,1.3,199,2
50,19198.0,76.1,36.1,69.4,76.4,72.7,172,1
25,132320.0,99.4,29.6,98.0,74.1,30.9,273,2
24,59017.0,85.8,37.9,89.9,84.5,37.5,49,0
13,124180.0,101.3,35.5,57.1,43.7,46.9,344,2
60,118157.0,110.4,31.0,61.8,60.8,42.7,176,2
7,93664.0,100.6,26.1,67.9,73.4,51.5,300,2
57,74172.0,84.8,36.0,98.7,22.1,58.2,226,2
36,146933.0,82.8,34.3,50.3,50.1,46.6,126,2
45,21745.0,86.4,25.0,61.4,75.7,70.2,348,2
20,108773.0,78.2,25.1,83.8,40.2,71.9,20,2
65,28679.0,79.1,37.1,97.8,96.6,44.0,198,0
8,50739.0,109.5,28.9,49.3,22.4,14.2,188,2
16,46305.0,89.2,34.5,53.6,96.6,64.1,331,1
14,142055.0,91.8,31.8,53.5,37.3,77.3,151,2
76,145103.0,99.7,38.0,41.3,23.9,63.8,159,2
87,27452.0,99.5,38.8,76.2,43.4,58.8,346,2
15,3305.0,73.4,40.0,80.2,82.9,22.9,95,0
92,108001.0,111.6,27.3,76.2,80.2,64.5,351,2
98,62698.0,78.9,37.9,44.3,36.7,33.5,74,1
66,13326.0,106.2,29.0,44.2,35.7,92.0,81,2
32,102563.0,108.6,33.9,52.6,71.4,65.4,127,2
87,81766.0,105.7,32.6,57.4,56.6,27.8,358,2
63,147078.0,98.9,25.3,87.2,83.4,47.3,132,1
86,34111.0,70.7,39.0,49.6,21.9,84.7,138,2
51,60597.0,88.0,26.2,42.6,68.8,33.5,245,2
25,81382.0,100.2,35.3,63.6,78.5,52.5,290,2
58,118755.0,89.4,36.8,65.0,99.5,68.0,111,1
63,82326.0,113.2,36.9,67.1,74.3,75.5,202,2
62,91935.0,85.4,27.0,89.6,38.5,17.4,169,1
22,33922.0,84.7,31.7,45.9,28.7,56.5,86,1
58,127038.0,83.3,37.4,82.2,71.3,91.2,118,1
58,64295.0,86.6,29.5,60.3,61.9,96.8,97,2
86,21144.0,97.9,32.0,58.6,91.9,65.6,239,2
49,99628.0,105.4,29.1,96.0,78.1,98.4,336,2
52,32414.0,103.1,32.0,54.9,60.8,57.1,137,1
42,14634.0,110.4,38.3,78.6,52.3,44.3,81,1
70,129298.0,114.3,31.8,56.5,52.3,55.2,235,2
15,69024.0,110.8,33.3,70.4,38.1,11.6,135,2
54,112393.0,70.9,31.1,87.2,21.4,40.2,281,2
60,43588.0,106.8,31.9,92.9,66.0,45.8,2,0
97,118046.0,80.4,25.2,90.3,37.0,84.9,58,2
8,16790.0,76.6,29.3,74.9,36.7,75.9,115,2
53,53396.0,101.9,31.5,54.9,30.0,60.1,130,2
60,146709.0,86.0,34.5,79.7,35.2,34.7,200,2
5,119098.0,72.9,31.8,82.6,22.5,18.7,291,2
68,74588.0,76.9,30.1,40.6,73.9,34.8,341,1
6,50967.0,70.0,30.8,66.4,52.1,68.0,97,1
96,130820.0,115.2,28.6,90.6,64.9,26.3,215,2
94,81727.0,71.2,38.9,69.4,71.0,42.7,123,1
47,113764.0,80.5,32.8,58.7,97.8,38.7,72,1
99,113116.0,90.8,25.2,92.3,25.5,76.6,129,2
55,2692.0,87.8,25.3,49.4,53.4,88.4,26,2
40,18938.0,115.6,39.6,52.4,39.7,69.9,164,2
52,98944.0,72.0,28.3,81.2,58.1,34.2,67,1
16,24243.0,95.6,37.1,61.1,93.6,43.3,13,0
13,38324.0,104.0,25.9,82.8,77.9,14.3,97,1
30,141996.0,116.6,38.8,49.5,73.0,16.8,278,2
19,84027.0,101.0,38.1,55.1,55.3,16.4,246,2
17,112609.0,110.2,33.6,49.4,73.7,13.1,111,2
63,83697.0,74.2,25.1,97.2,22.6,18.0,206,2
19,82877.0,89.3,28.9,64.3,66.9,20.3,351,1
92,14123.0,88.7,31.1,60.2,64.3,11.2,333,1
58,51549.0,114.3,31.9,40.9,47.7,64.0,232,2
55,42365.0,77.6,29.5,49.2,36.1,99.0,60,2
90,58609.0,77.6,25.5,65.3,84.6,87.9,84,1
90,119752.0,86.4,33.9,44.1,24.3,4.6,182,2
62,55790.0,72.7,32.9,70.6,25.6,42.3,238,2
23,67755.0,79.1,29.2,67.3,55.2,85.9,249,2
9,59607.0,118.3,25.6,86.0,40.2,13.5,70,1
12,14011.0,91.4,39.9,79.6,79.6,84.8,227,1
1,66161.0,101.6,32.2,66.8,70.7,59.3,84,1
58,29341.0,106.3,36.3,53.5,81.8,93.1,305,2
1,28008.0,88.3,31.8,83.6,46.0,87.6,270,1
34,14105.0,77.4,25.6,82.5,79.2,67.7,289,1
96,53501.0,80.3,29.6,49.2,89.0,65.8,235,2
48,113622.0,85.7,29.8,94.9,47.6,21.3,290,2
89,41466.0,101.8,37.6,43.9,47.2,11.7,38,1
1,46852.0,89.9,34.8,43.3,92.0,41.5,205,1
16,96401.0,70.3,29.1,51.2,24.0,18.7,182,2
61,29376.0,96.2,39.5,94.6,48.0,10.2,186,1
64,134544.0,116.1,29.8,71.2,29.5,30.2,132,2
63,78029.0,110.6,40.0,87.3,22.3,86.0,29,2
69,67140.0,111.3,39.9,53.7,29.0,1.7,254,2
22,83673.0,109.8,27.9,69.4,54.5,29.3,142,2
93,24905.0,86.2,29.7,61.5,75.0,42.4,102,1
67,92021.0,108.3,32.3,89.7,43.1,51.1,73,1
76,54465.0,77.2,35.0,41.4,88.0,18.2,54,1
26,134578.0,102.9,32.9,54.6,55.0,96.4,235,2
16,25328.0,102.1,39.5,49.2,97.5,57.9,59,1
51,76058.0,71.3,35.9,91.6,96.3,52.2,23,0
86,89717.0,109.4,28.2,68.1,81.9,0.9,21,1
57,5008.0,115.2,26.6,64.3,94.6,48.6,31,1
29,54554.0,83.4,35.3,67.0,76.6,83.8,350,2
78,109895.0,110.6,27.4,98.3,91.6,22.0,338,2
92,123057.0,74.1,36.8,91.0,38.9,35.1,2,1
69,46974.0,100.0,29.7,82.4,47.6,2.1,69,1
47,119789.0,94.3,29.9,57.4,80.2,97.7,159,2
94,145163.0,97.3,25.2,49.9,54.0,6.7,87,2
62,128531.0,116.3,35.5,95.3,87.0,89.8,364,2
69,17647.0,113.6,26.7,65.4,90.2,31.3,58,1
76,110960.0,109.3,36.6,56.7,44.0,58.8,251,2
16,47950.0,83.7,32.4,68.3,85.9,67.9,218,1
90,148262.0,115.6,36.8,95.1,32.3,14.1,200,2
90,72804.0,74.9,33.8,63.2,46.7,44.4,76,1
48,18365.0,112.7,26.2,73.8,61.4,32.5,254,2
85,108778.0,86.4,36.5,88.2,38.1,5.7,246,2
39,48452.0,72.7,26.0,65.6,66.3,83.3,269,2
33,149562.0,103.5,32.2,54.0,66.3,4.5,306,2
94,146967.0,81.6,27.6,99.7,36.6,65.3,138,2
23,98420.0,82.2,36.3,97.4,83.7,31.4,77,0
10,19474.0,85.3,38.7,90.6,70.5,19.2,79,0
69,103029.0,73.2,33.3,81.3,45.4,66.7,9,1
34,13955.0,78.9,32.9,57.7,38.6,57.5,335,2
52,4405.0,70.3,36.5,94.8,90.3,31.5,123,0
95,123444.0,92.3,25.1,56.5,86.9,51.3,185,2
10,31463.0,74.2,38.8,88.0,38.4,24.6,33,0
19,56854.0,104.1,28.0,95.1,22.8,86.4,120,2
58,146019.0,81.8,39.8,76.2,84.4,31.4,79,1
96,50526.0,117.2,36.0,88.2,69.2,24.5,205,1
1,44473.0,113.6,36.6,87.5,28.1,75.2,52,2
69,137731.0,84.5,34.8,51.6,67.0,1.8,155,1
4,16612.0,109.2,32.1,80.1,56.2,26.8,273,1
16,113937.0,110.2,33.6,45.6,82.0,37.5,357,2
24,148210.0,119.3,25.7,70.5,36.7,88.2,134,2
80,135194.0,99.9,34.4,49.7,56.3,95.0,97,2
2,97750.0,74.1,34.4,65.0,32.5,71.6,240,2
92,47109.0,102.3,38.4,90.0,96.6,49.3,44,0
32,38148.0,101.2,32.6,99.2,82.3,64.1,198,1
91,122888.0,101.9,26.2,59.1,78.9,41.4,290,2
84,131973.0,85.4,29.6,71.9,75.2,29.9,113,1
24,78815.0,113.0,34.8,70.7,53.9,95.1,276,2
12,36651.0,118.0,28.6,97.3,93.9,11.5,240,1
50,16941.0,80.9,29.2,68.7,25.8,34.6,155,1
35,13077.0,74.4,37.3,81.9,84.3,89.9,351,1
33,107862.0,79.7,33.8,95.3,37.2,72.3,43,2
33,63018.0,111.0,32.6,62.4,45.9,2.9,79,1
61,135804.0,103.8,29.8,94.1,61.6,2.3,311,2
51,110951.0,101.8,36.0,95.0,82.6,51.7,137,1
43,28689.0,90.1,29.3,95.8,87.1,48.4,150,0
12,92067.0,98.9,36.1,56.2,66.7,44.3,241,2
67,65326.0,85.4,26.1,64.0,52.2,30.2,142,1
65,86587.0,93.9,38.0,92.2,95.7,98.7,310,1
33,110710.0,109.7,32.5,61.5,39.7,27.2,298,2
40,120929.0,119.1,31.6,76.0,84.2,49.0,49,1
74,126561.0,116.6,34.2,47.1,69.0,40.5,261,2
43,38096.0,116.7,34.4,43.4,50.2,17.0,160,2
44,4667.0,90.1,27.0,64.7,20.1,20.3,61,1
29,110894.0,93.4,36.3,74.7,55.7,91.8,54,2
13,15952.0,105.3,29.1,63.6,42.1,85.8,30,2
12,47238.0,116.1,38.6,74.7,28.3,19.9,329,2
95,573.0,77.1,37.3,70.9,26.0,87.6,289,2
46,102250.0,85.2,30.2,81.1,47.8,20.9,168,1
2,25070.0,77.0,37.1,79.0,69.2,62.7,265,1
35,98292.0,100.6,30.3,65.5,87.0,8.1,307,1
87,148761.0,85.3,26.5,65.5,34.7,88.0,184,2
81,10901.0,86.3,39.4,48.4,54.0,5.2,333,1
90,11562.0,73.5,34.8,70.8,51.4,55.5,2,1
8,51057.0,87.5,31.8,75.2,61.1,78.0,160,1
93,129958.0,113.1,31.0,68.6,84.8,11.7,259,2
26,32329.0,81.7,29.9,59.5,64.3,40.4,47,1
74,54057.0,104.8,39.7,83.3,87.7,4.2,253,1
90,10276.0,101.5,27.0,44.5,61.5,68.3,73,1
34,114473.0,113.2,29.7,94.9,68.3,30.7,334,2
7,61246.0,76.6,32.3,41.2,55.0,55.9,165,2
68,113887.0,118.9,32.2,97.7,85.8,93.3,259,2
58,135541.0,99.1,32.1,67.7,93.9,30.6,3,1
75,34914.0,119.8,27.6,64.8,71.1,4.9,118,1
29,121109.0,115.6,27.2,55.4,85.7,67.6,272,2
36,8864.0,81.1,28.8,40.6,24.7,78.7,225,2
89,134827.0,72.8,38.7,56.5,92.5,95.8,351,2
21,97615.0,82.8,26.7,46.6,35.1,15.8,69,2
36,131134.0,96.4,36.4,79.6,40.5,39.2,181,2
10,28.0,78.6,36.4,59.1,24.3,84.4,352,2
73,25362.0,78.4,37.1,86.0,97.2,80.7,263,1
24,58464.0,93.1,38.3,52.4,88.2,62.5,180,1
64,56925.0,71.7,28.9,94.0,93.1,26.9,4,0
99,34010.0,76.1,28.4,71.4,87.8,28.4,196,1
49,57242.0,90.8,32.0,46.9,58.4,12.4,46,1
99,19327.0,73.2,29.0,64.1,93.9,92.2,39,1
36,61914.0,89.8,36.0,52.4,97.6,17.3,121,1
82,120353.0,93.7,34.5,52.0,60.2,57.3,134,2
96,71861.0,92.6,38.1,70.4,34.0,58.4,139,2
24,2700.0,113.5,26.2,80.3,72.7,37.0,349,1
23,63217.0,96.5,38.7,94.7,98.0,35.3,152,1
62,4076.0,93.4,29.4,70.1,89.8,66.9,27,1
96,144937.0,90.5,32.4,98.0,88.9,38.8,76,0
37,19118.0,110.9,31.6,96.5,94.7,25.5,174,1
12,106153.0,114.8,36.4,91.9,91.5,39.9,48,1
55,145916.0,112.7,31.3,70.0,82.1,80.8,341,2
13,123906.0,103.7,39.2,48.5,77.5,96.6,309,2
23,104897.0,76.9,38.5,53.1,41.2,63.6,273,2
89,125919.0,83.8,38.1,78.9,69.7,78.2,26,1
99,147270.0,72.3,26.1,65.3,61.7,53.3,327,2
30,93202.0,116.5,37.8,48.8,89.0,62.5,220,2
17,83878.0,103.0,36.7,68.7,59.3,98.8,121,2
62,94236.0,107.3,26.6,41.0,30.2,43.8,360,2
84,79901.0,85.6,26.6,84.0,20.4,6.6,68,1
89,95263.0,112.3,26.5,44.4,74.2,95.7,70,2
86,67476.0,83.0,25.2,77.7,64.0,79.3,149,2
13,32766.0,70.1,33.2,87.6,46.5,39.8,186,1
59,18037.0,88.8,39.6,48.0,33.5,98.2,245,2
19,10251.0,98.5,31.6,71.1,57.3,34.6,195,1
49,39497.0,93.9,33.1,86.7,28.0,37.2,31,0
12,6919.0,113.1,39.5,55.6,46.9,61.0,108,2
61,85076.0,75.3,28.8,49.8,50.3,27.4,352,2
19,42574.0,97.7,37.9,60.2,57.2,69.9,0,1
76,123680.0,95.6,33.2,73.3,57.3,15.3,181,2
9,11136.0,84.1,33.5,74.5,40.6,10.8,173,1
71,33953.0,111.1,30.1,47.9,88.0,53.5,168,2
28,109537.0,107.6,33.4,67.5,48.4,55.5,247,2
78,89821.0,106.6,26.1,56.1,38.4,10.7,107,2
95,9674.0,113.8,36.5,90.5,34.1,96.4,296,2
52,131586.0,106.1,29.3,58.8,45.8,57.3,263,2
83,131589.0,81.6,38.3,90.3,25.4,15.1,29,1
16,49561.0,105.3,30.5,65.7,22.6,31.1,301,2
69,51061.0,85.4,27.1,83.6,68.4,80.0,360,2
99,148354.0,82.1,35.4,70.6,69.5,52.3,351,2
12,93926.0,73.7,27.5,77.3,62.4,18.8,316,1
25,79697.0,107.2,36.3,63.7,81.0,10.3,224,2
52,125723.0,105.6,39.5,86.1,23.1,43.1,88,2
85,42794.0,81.7,36.7,65.5,94.9,33.7,233,1
53,64377.0,107.5,25.3,67.4,27.6,65.6,167,2
23,40167.0,115.9,34.0,71.1,73.9,92.5,230,2
16,118374.0,75.4,35.4,89.9,30.7,24.8,125,1
57,86002.0,81.6,37.4,79.6,90.4,85.5,60,1
39,98824.0,107.5,25.8,60.9,60.9,92.0,119,2
53,37846.0,83.7,32.2,80.2,26.6,90.2,189,2
42,33034.0,101.2,33.0,78.5,69.3,95.2,120,1
58,73256.0,74.1,27.5,95.9,20.7,84.2,47,2
39,110635.0,92.6,29.8,90.5,82.1,59.3,201,2
14,78786.0,107.0,31.6,78.8,72.0,41.0,58,1
95,4897.0,104.3,37.5,60.5,37.0,49.2,184,2
5,130283.0,110.8,38.9,86.8,50.0,87.3,222,2
35,9703.0,113.9,34.4,74.5,20.6,30.1,10,1
87,143374.0,108.7,30.9,99.1,75.5,15.9,280,2
93,3771.0,103.6,28.8,54.9,45.8,14.1,188,2
75,104168.0,71.6,39.7,44.8,65.7,82.7,301,2
18,12331.0,96.7,39.7,44.2,96.5,76.1,309,2
76,136601.0,71.9,38.9,78.4,44.0,49.8,236,2
9,69665.0,110.4,36.8,96.4,99.2,27.5,33,1
74,20629.0,86.0,29.9,40.1,70.6,67.8,339,2
58,51122.0,98.1,37.3,83.5,39.4,3.8,134,1
17,24724.0,84.0,31.1,79.4,54.9,56.8,61,1
7,25587.0,109.1,29.9,83.9,79.2,39.8,312,1
46,142216.0,114.3,36.2,61.3,55.7,97.8,226,2
13,66787.0,89.9,26.2,89.2,25.5,50.8,92,2
40,118320.0,113.1,25.7,42.7,33.5,55.2,115,2
42,95941.0,83.4,31.7,85.3,83.3,71.2,331,1
9,101464.0,96.7,31.7,56.0,71.9,48.5,132,2
50,19754.0,112.9,38.4,68.6,65.6,22.5,331,1
27,35128.0,86.3,26.9,89.4,33.4,53.7,292,2
66,118013.0,117.7,26.8,56.3,87.0,94.4,192,2
5,145615.0,76.1,27.2,51.1,96.9,41.0,29,1
29,39401.0,70.9,25.4,80.9,23.3,68.0,297,2
37,40735.0,115.2,26.1,72.0,26.2,97.8,60,2
38,70935.0,73.4,34.9,70.9,90.8,83.0,303,2
83,147576.0,119.6,31.5,55.4,85.2,65.9,339,2
8,40344.0,117.6,36.5,42.1,69.4,73.6,348,2
65,61046.0,76.9,39.9,64.6,95.6,93.6,323,2
86,133722.0,96.9,34.9,46.4,71.7,96.0,301,2
17,438.0,79.2,25.8,94.4,37.3,96.9,27,1
71,5965.0,91.4,26.6,42.5,78.3,62.6,76,1
89,90611.0,73.1,38.2,65.9,71.7,38.5,120,1
45,136107.0,81.2,32.9,43.1,98.9,13.3,2,1
4,35828.0,88.2,37.4,45.7,37.1,38.6,36,1
36,70446.0,91.9,37.8,79.5,67.8,94.3,146,1
70,67570.0,118.9,38.9,78.8,82.4,89.0,91,2
31,70946.0,110.4,39.2,42.0,47.1,52.4,338,2
19,93378.0,106.9,33.3,40.1,50.4,53.7,272,2
61,70462.0,96.9,30.1,44.7,91.0,30.9,86,1
54,67120.0,112.0,39.4,85.8,52.3,45.5,39,1
39,71143.0,87.0,33.2,75.1,70.0,71.4,177,1
91,88630.0,105.4,26.0,42.3,91.1,40.2,328,2
74,80551.0,119.7,34.6,69.3,36.8,18.8,284,2
90,128120.0,85.7,33.8,82.7,98.6,54.1,41,1
19,7425.0,103.7,38.4,92.1,76.2,22.5,284,1
39,124998.0,112.2,34.8,96.0,59.7,97.4,65,2
67,126589.0,115.8,30.2,59.6,54.5,39.0,123,2
45,42736.0,105.9,39.5,48.1,96.3,91.0,144,2
13,69428.0,84.2,37.0,54.2,36.5,22.6,119,2
92,65781.0,86.3,34.5,86.6,44.9,18.9,108,1
58,32776.0,71.0,29.4,98.3,44.6,61.7,91,1
20,59520.0,108.0,30.6,68.0,43.1,77.9,307,2
92,6658.0,72.1,35.0,58.3,57.5,56.7,59,1
72,41673.0,113.2,26.1,65.8,99.1,23.0,349,2
61,122502.0,75.9,28.9,58.3,91.1,3.8,226,2
39,42684.0,78.6,35.7,55.4,46.2,61.8,239,2
1,122731.0,93.8,32.2,75.6,53.8,13.1,211,2
3,79740.0,106.9,31.0,40.9,73.6,34.3,97,2
77,131979.0,77.0,27.3,55.6,21.4,67.6,13,2
92,86217.0,92.0,31.6,79.7,85.6,9.8,217,1
62,4450.0,94.1,36.6,41.9,90.4,12.7,169,1
63,101313.0,80.6,29.0,45.0,88.6,6.2,306,2
25,6728.0,75.8,25.1,57.6,50.0,99.6,279,2
56,67590.0,111.8,35.0,92.7,57.0,38.7,362,2
33,139414.0,95.1,39.6,85.9,21.0,90.6,209,2
38,24781.0,70.7,34.1,41.3,52.0,29.4,255,1
6,58481.0,110.1,26.8,70.1,56.8,75.3,170,2
58,109479.0,119.0,29.8,56.5,92.6,21.9,72,2
44,132339.0,100.3,38.0,78.9,91.5,49.8,146,1
45,100641.0,95.2,28.5,83.3,97.3,82.5,339,2
32,38726.0,113.9,34.1,91.8,90.8,81.6,316,2
45,101191.0,117.6,31.0,68.5,20.7,79.4,105,2
61,44509.0,107.7,28.1,99.7,71.3,82.4,93,2
47,107764.0,92.3,37.2,98.8,25.5,21.1,62,1
21,143105.0,99.6,36.1,92.9,41.8,48.2,153,1
80,108209.0,105.0,34.9,74.5,66.3,48.5,254,2
85,129432.0,79.7,28.5,63.9,76.0,89.1,350,2
75,316.0,92.4,26.5,61.9,72.4,29.7,34,0
36,107636.0,111.5,33.6,40.7,23.9,93.1,322,2
99,124438.0,102.7,33.3,55.0,28.3,45.1,311,2
19,6084.0,90.6,27.8,83.1,30.3,67.0,295,2
20,130740.0,103.2,25.8,76.2,27.3,26.9,252,2
57,38504.0,75.9,26.2,95.0,34.3,41.0,156,1
18,99794.0,90.1,39.9,43.0,75.1,71.0,133,2
47,120053.0,109.7,36.8,49.3,86.5,51.3,128,2
49,99400.0,81.0,38.8,87.4,52.7,93.1,279,2
14,13843.0,79.3,27.9,61.5,75.4,73.7,357,2
15,89448.0,117.5,39.4,47.1,36.0,56.4,251,2
31,82438.0,80.5,27.1,99.8,97.9,88.7,134,1
1,135048.0,83.0,32.6,87.2,48.0,66.6,330,2
54,60636.0,118.5,37.4,64.5,87.7,64.7,10,1
3,48162.0,106.7,30.2,89.4,95.6,24.6,291,1
16,112478.0,105.0,31.4,80.8,89.2,39.5,147,1
87,61901.0,112.6,26.9,87.4,25.4,68.3,318,2
57,96914.0,75.8,26.8,88.9,72.0,89.2,79,1
75,96968.0,105.3,34.3,45.1,29.6,31.6,190,2
12,133206.0,95.2,35.1,77.4,20.5,21.5,343,2
74,89804.0,111.5,36.7,40.4,24.1,59.4,29,2
96,75323.0,95.4,33.4,42.6,93.3,6.7,358,2
16,20831.0,101.0,34.7,94.2,92.7,71.5,228,1
72,17361.0,93.9,25.2,71.7,38.1,70.3,83,2
76,23148.0,93.9,27.4,84.2,63.8,35.5,149,0
24,25777.0,108.4,39.8,90.3,96.4,89.3,360,2
28,95682.0,101.4,26.1,97.0,59.7,50.2,188,2
8,111147.0,101.7,35.2,92.2,51.5,64.6,20,1
92,79499.0,92.5,27.6,69.0,58.7,21.0,36,1
36,124353.0,96.6,35.8,60.2,83.2,41.7,245,2
90,148689.0,107.3,35.6,49.3,58.2,86.2,282,2
8,123002.0,111.3,28.5,64.0,82.7,21.3,101,2
58,104232.0,104.8,29.0,62.0,54.5,39.1,293,2
60,79874.0,116.2,34.8,73.6,40.2,31.8,231,2
50,67328.0,111.0,30.9,79.9,46.1,15.1,315,2
28,12659.0,98.1,27.9,98.7,26.2,29.0,325,2
92,59905.0,103.6,36.0,83.7,59.8,23.3,287,1
41,136520.0,116.3,27.3,78.6,31.8,92.4,335,2
64,121203.0,101.0,37.8,60.1,84.9,74.1,244,2
27,32408.0,111.2,32.7,42.1,53.6,31.6,176,2
63,69991.0,104.4,26.6,57.3,81.2,76.3,212,2
17,122508.0,97.6,35.4,86.1,96.4,2.2,357,1
73,10108.0,82.1,32.8,52.3,88.0,52.7,101,1
33,58109.0,91.3,29.5,82.7,96.1,25.0,285,1
84,127776.0,118.4,31.3,74.8,65.4,11.4,21,1
77,60585.0,102.9,29.5,50.3,33.2,88.4,18,2
92,11642.0,98.2,28.9,55.7,94.8,19.9,286,2
29,81380.0,116.6,27.5,69.8,89.5,82.2,275,2
13,129261.0,99.3,30.4,65.1,89.2,41.3,146,1
46,88543.0,96.3,28.8,86.7,75.5,1.4,39,1
35,33942.0,108.0,35.3,84.1,70.0,73.3,166,1
6,57636.0,105.6,35.3,74.5,21.2,59.6,90,2
82,67519.0,79.7,32.5,89.3,79.8,34.4,71,0
69,86890.0,93.6,36.7,73.8,27.3,28.2,364,2
47,113903.0,93.6,37.6,97.9,40.8,7.4,282,1
25,14831.0,88.9,33.7,53.0,64.1,94.1,334,2
66,133448.0,95.9,34.3,82.8,56.1,49.4,139,1
10,1846.0,90.7,29.2,62.2,21.3,8.6,238,2
56,55508.0,80.0,38.4,56.7,85.9,86.9,77,1
30,4113.0,90.6,25.4,50.8,90.3,27.9,198,1
5,58946.0,73.6,30.2,73.2,74.5,20.4,16,0
33,78872.0,98.8,35.8,52.9,63.3,28.1,217,2
65,76752.0,112.7,26.2,52.0,96.9,56.5,228,2
18,24844.0,106.3,27.7,99.4,29.6,7.4,339,2
96,96861.0,88.0,33.8,88.1,79.0,48.2,137,0
49,6717.0,74.4,33.4,84.9,30.3,89.6,146,1
11,114286.0,80.1,36.1,87.6,50.5,18.8,209,1
85,141997.0,97.3,37.2,98.1,66.8,33.1,157,1
26,50965.0,80.4,26.9,74.4,79.0,39.6,152,1
63,77586.0,97.2,25.3,53.2,20.3,58.6,343,2
89,56837.0,81.6,35.3,91.7,40.8,91.9,329,2
86,1007.0,112.4,29.5,84.6,63.1,39.5,357,1
59,57881.0,89.9,34.4,64.9,62.6,6.9,351,1
27,118758.0,82.3,27.3,68.4,71.0,34.8,162,1
49,89398.0,110.6,32.0,64.7,44.3,19.0,306,2
77,15189.0,87.1,32.6,95.8,63.2,65.2,100,0
33,127071.0,75.6,33.8,60.6,35.2,2.9,326,2
98,79663.0,98.5,32.7,97.8,34.9,29.2,326,2
99,126259.0,99.1,32.4,94.6,66.1,54.5,154,1
1,87033.0,105.7,30.0,77.8,74.8,27.7,9,1
21,83953.0,82.0,26.1,74.8,29.6,55.1,352,2
55,15789.0,92.2,26.3,62.2,29.8,11.5,182,2
6,25104.0,84.1,31.5,41.1,65.2,94.3,133,1
92,145804.0,74.0,30.3,47.7,41.6,29.1,5,1
81,34273.0,113.8,32.7,85.3,51.4,92.3,332,2
69,146618.0,106.4,29.6,68.3,52.1,32.6,332,2
95,79787.0,85.1,35.3,49.0,34.3,78.2,257,2
5,20368.0,100.0,38.0,55.8,20.1,24.6,210,2
3,14895.0,80.1,29.5,96.9,88.3,67.0,50,0
53,31330.0,114.5,27.9,62.0,77.2,32.4,146,1
23,138846.0,75.7,26.7,94.5,75.2,50.9,127,1
53,62123.0,70.2,34.2,58.3,63.7,67.4,257,2
37,59315.0,95.1,31.7,72.6,76.1,58.9,50,1
74,46981.0,99.2,27.8,41.2,94.9,57.6,153,2
74,22059.0,98.9,34.8,71.3,73.3,6.6,69,0
83,73178.0,72.7,27.2,78.2,41.2,24.9,275,2
17,19507.0,85.7,33.3,54.1,65.6,57.2,278,1
85,125322.0,95.0,32.9,74.7,55.4,1.8,309,2
78,55560.0,80.8,36.0,78.8,64.5,25.1,133,1
73,56221.0,113.6,25.8,81.2,61.4,22.9,219,2
1,71101.0,74.4,38.3,86.6,88.7,25.0,162,0
51,66619.0,94.4,35.5,58.7,72.1,53.6,135,1
45,149229.0,104.6,28.2,74.1,35.1,58.2,56,2
77,81807.0,83.1,27.8,98.9,25.0,90.9,176,2
4,13230.0,101.2,31.5,93.9,53.9,38.6,114,1
62,91032.0,111.5,37.3,97.2,21.2,92.7,148,2
65,22738.0,79.5,37.6,63.2,45.5,65.2,240,1
32,4641.0,115.9,32.8,87.2,49.4,91.3,122,2
34,145611.0,97.7,37.9,77.2,50.0,83.3,291,2
92,116031.0,85.0,25.1,45.0,98.3,68.8,326,2
95,147016.0,91.5,25.5,89.4,44.3,35.6,68,1
72,71682.0,85.6,38.7,80.6,41.2,24.1,313,1
39,79839.0,106.3,36.6,51.9,30.4,22.2,62,2
26,25251.0,109.8,31.8,44.8,60.9,95.2,220,2
34,37036.0,111.6,36.3,90.2,32.3,95.9,15,2
54,125782.0,119.3,39.3,44.7,69.3,72.5,77,2
3,53428.0,109.6,36.6,45.5,32.4,88.4,121,2
50,124022.0,100.1,37.6,65.6,66.1,91.9,257,2
12,106352.0,87.0,36.4,48.1,86.1,51.2,216,2
65,26576.0,97.2,27.5,94.8,23.4,62.9,113,2
54,76117.0,72.1,37.5,68.2,53.6,41.9,145,1
5,101608.0,107.2,27.9,74.1,56.9,41.8,236,2
94,35256.0,92.3,38.4,95.7,83.3,3.8,85,0
94,124603.0,71.0,31.9,71.8,57.4,43.4,166,1
57,81724.0,73.1,35.2,61.2,65.4,67.3,128,1
17,24786.0,89.4,32.5,87.8,83.3,42.2,164,0
47,87448.0,99.2,26.4,66.6,64.8,87.2,276,2
23,149957.0,93.2,29.4,59.1,48.7,33.3,256,2
79,22578.0,101.0,39.8,83.4,26.9,13.3,131,1
85,122514.0,94.0,39.4,88.1,78.4,81.2,57,1
14,31096.0,103.1,29.8,87.5,89.7,67.4,256,1
66,117358.0,81.0,39.9,98.7,97.6,24.2,140,1
75,110187.0,75.6,37.7,87.2,94.1,53.6,173,1
51,45073.0,99.8,34.2,86.2,83.8,40.2,174,0
38,48873.0,94.2,25.6,91.4,71.5,93.9,208,1
64,118878.0,71.3,38.5,40.0,82.5,60.7,203,2
98,69217.0,89.0,33.4,61.7,54.6,15.8,6,1
38,109623.0,75.3,38.0,84.3,67.6,50.2,50,1
50,22198.0,96.6,37.5,76.0,47.9,86.3,258,2
98,127884.0,89.8,37.5,50.7,46.1,67.1,177,2
82,106633.0,100.7,35.5,58.2,80.5,84.2,30,2
30,136041.0,110.3,29.4,60.2,56.3,25.0,355,2
79,19856.0,85.0,30.0,74.1,37.0,88.8,317,2
91,88952.0,118.1,29.6,89.9,36.2,75.6,153,2
51,89868.0,96.8,25.3,95.9,88.7,72.9,363,2
63,53019.0,100.9,33.7,85.0,74.2,34.7,54,0
98,68770.0,104.0,35.5,90.6,63.7,88.8,155,1
52,5697.0,103.3,37.8,68.2,52.1,63.8,43,1
38,111879.0,95.5,27.1,63.4,54.5,85.2,80,2
97,82398.0,91.4,33.2,63.6,24.6,36.1,165,1
88,8661.0,72.7,25.1,77.0,56.4,14.6,29,1
79,102113.0,71.1,26.4,47.5,83.6,33.2,321,2
30,70017.0,87.9,25.8,74.8,51.0,45.5,135,1
51,5169.0,86.7,35.9,79.9,50.7,53.3,13,1
81,145441.0,89.4,26.2,66.3,21.3,51.1,356,2
5,142367.0,76.9,35.7,97.2,56.6,54.6,105,1
29,76935.0,106.9,28.7,76.5,22.0,84.2,358,2
4,14051.0,112.8,38.2,53.2,65.6,17.0,317,2
10,113193.0,116.9,37.2,68.8,60.5,31.6,74,1
56,73790.0,94.6,39.4,80.5,87.2,88.9,78,1
17,45367.0,105.0,38.3,59.4,66.5,56.0,193,2
74,73713.0,112.8,39.0,44.8,45.9,58.3,362,2
17,78367.0,90.9,37.9,75.0,61.3,47.8,95,1
84,84407.0,85.5,35.4,96.9,76.0,54.9,39,0
88,66184.0,116.8,27.6,69.1,27.5,19.8,255,2
69,90863.0,95.8,29.1,94.4,69.7,54.7,106,1
34,137810.0,94.9,28.2,90.1,93.3,99.7,16,1
6,54340.0,78.9,34.1,48.8,43.9,56.6,14,1
53,108857.0,75.4,32.6,82.5,70.1,4.4,271,1
66,134168.0,112.1,38.0,66.1,85.7,79.6,12,2
77,68397.0,100.7,39.3,55.0,60.9,39.6,246,2
43,66518.0,86.3,31.1,81.2,77.4,15.4,213,1
75,90318.0,79.6,32.6,84.6,44.9,86.3,150,1
23,88711.0,97.8,39.6,50.8,44.5,19.8,291,2
55,120988.0,99.2,29.1,94.9,73.4,92.1,42,2
80,71473.0,80.3,36.9,85.1,76.4,44.2,113,0
95,149418.0,112.6,28.4,96.0,95.0,74.3,329,2
75,8921.0,74.2,35.2,59.0,38.0,54.7,80,1
16,475.0,87.8,28.8,96.4,57.5,25.7,349,1
8,96030.0,104.0,38.3,62.1,40.0,67.1,140,2
4,44765.0,83.7,33.4,43.2,26.4,95.8,29,2
4,36057.0,111.4,27.8,85.8,52.3,77.0,29,2
56,46785.0,107.0,28.4,82.2,49.9,60.4,265,2
25,38407.0,109.5,32.4,75.9,41.6,99.1,98,2
67,4619.0,76.0,39.4,69.4,43.8,26.5,93,1
96,145730.0,77.0,36.5,41.9,48.8,6.2,210,2
67,33112.0,84.3,32.3,77.5,99.1,3.2,294,1
27,110104.0,95.9,30.1,65.0,82.6,71.1,36,2
93,114389.0,107.4,33.2,73.6,25.7,83.0,88,2
32,139389.0,111.8,36.2,65.8,89.8,63.5,254,2
50,4582.0,105.2,36.8,98.0,70.7,90.5,213,2
61,130807.0,116.4,29.9,76.2,91.2,69.8,13,2
51,79084.0,106.9,35.8,85.0,47.3,37.1,191,2
19,94882.0,85.3,34.9,96.2,57.2,18.1,294,1
21,96671.0,83.3,39.4,75.5,91.7,92.5,181,2
5,122970.0,104.8,39.0,40.7,41.8,10.4,129,2
82,50011.0,79.6,36.8,42.1,93.2,54.3,223,2
92,109958.0,74.6,35.9,82.1,86.3,31.4,42,0
42,79287.0,96.6,29.1,56.7,98.4,27.1,180,2
61,119009.0,111.1,37.7,74.8,45.9,64.6,168,2
22,148582.0,75.1,31.4,52.1,38.9,23.1,263,2
21,30098.0,109.6,29.1,56.2,46.5,91.6,95,2
70,149197.0,110.6,30.8,70.3,96.4,40.6,202,2
1,13472.0,94.1,37.5,98.5,46.6,67.7,320,1
5,348.0,72.9,27.2,77.0,65.2,72.8,334,2
12,6624.0,78.7,31.8,96.2,52.3,68.3,67,0
90,51267.0,105.4,32.4,97.6,51.7,90.3,91,2
46,94936.0,105.6,25.5,52.5,35.5,23.1,265,2
34,10354.0,114.9,27.9,58.7,63.0,8.6,330,2
49,850.0,99.1,37.4,86.2,88.0,5.5,177,0
78,140564.0,76.2,37.5,92.0,24.0,87.8,150,2
90,123289.0,76.1,29.4,71.2,91.1,97.3,316,2
45,121377.0,106.1,38.1,99.6,73.2,30.3,46,1
27,132664.0,79.2,36.6,40.7,69.3,69.4,2,1
73,105005.0,86.4,31.3,58.0,70.1,0.9,102,1
26,15661.0,94.4,36.2,77.4,43.7,18.9,272,1
47,59865.0,71.2,39.4,68.2,53.2,68.9,21,1
86,108472.0,82.4,31.9,47.0,83.9,6.6,115,1
56,42050.0,90.4,28.6,62.1,44.5,46.9,346,1
94,103111.0,84.0,39.1,41.5,57.6,66.3,103,2
63,3675.0,76.8,34.1,78.6,21.6,76.6,258,2
48,45921.0,106.4,26.6,93.6,78.7,45.4,307,1
61,82370.0,110.7,33.6,93.1,53.4,63.0,297,2
81,94813.0,82.9,32.5,82.0,62.0,54.0,129,1
26,86556.0,108.7,37.8,67.9,29.2,5.2,294,2
36,104663.0,89.3,33.0,70.7,99.3,74.3,301,2
1,913.0,95.3,28.8,48.2,44.2,17.2,47,1
8,15141.0,112.8,35.1,60.5,70.8,3.2,26,1
99,130342.0,107.5,33.1,51.3,66.5,45.1,14,2
52,102262.0,110.3,28.5,89.3,82.8,86.6,262,2
79,16940.0,76.8,33.6,94.9,43.5,15.1,364,1
47,126311.0,73.5,37.3,72.2,80.5,1.3,297,1
56,36335.0,114.7,25.4,83.7,50.6,11.0,264,2
86,71739.0,89.4,34.5,47.3,52.9,36.4,360,2
14,21779.0,84.4,30.2,76.5,73.8,58.0,133,1
90,106517.0,106.2,29.4,82.2,82.7,19.3,75,1
28,100028.0,111.8,30.9,67.2,73.3,80.2,29,2
87,31667.0,113.1,30.1,54.6,92.0,75.3,339,2
78,129510.0,85.8,37.5,92.6,42.8,69.6,125,1
88,60196.0,112.6,29.1,84.6,92.0,48.7,83,1
2,43877.0,72.0,36.0,94.0,30.5,36.5,53,0
26,22849.0,72.5,26.4,89.1,72.8,37.6,282,1
14,39925.0,101.2,39.3,99.4,63.8,50.3,339,1
59,3304.0,73.2,34.3,51.5,59.6,7.7,262,1
56,87489.0,86.2,35.6,45.2,44.9,68.2,359,2
7,126335.0,103.6,29.5,60.2,60.3,35.2,221,2
3,82347.0,86.9,31.2,47.7,32.9,22.5,327,2
23,32891.0,79.0,28.4,71.4,49.5,27.8,1,1
18,5050.0,84.1,39.0,78.0,27.9,18.0,305,1
38,32194.0,92.9,32.3,74.7,65.7,90.2,145,1
99,62418.0,93.8,34.5,55.6,27.7,16.9,17,1
15,113942.0,109.2,36.0,94.5,32.8,88.3,15,2
64,28176.0,107.5,30.6,41.3,26.8,57.2,307,2
89,107969.0,92.8,35.8,60.9,50.5,86.7,158,2
28,130040.0,112.3,35.1,83.1,87.4,47.4,339,2
74,68092.0,75.7,35.6,86.0,92.6,92.8,351,1
39,123215.0,82.8,32.3,65.0,25.8,21.1,297,2
57,83199.0,111.4,30.7,41.0,70.8,55.5,208,2
17,95564.0,88.9,28.3,77.1,74.8,12.6,204,1
86,78942.0,119.1,37.4,43.8,62.7,44.7,112,2
90,69476.0,93.3,34.1,46.5,73.4,57.0,177,1
44,35198.0,109.6,31.7,79.0,38.7,60.6,208,2
25,45479.0,90.1,39.2,58.7,59.2,36.6,123,1
17,43496.0,91.2,25.7,60.9,51.3,7.6,14,1
13,84493.0,89.1,37.8,69.2,27.2,65.5,345,2
84,17993.0,106.0,40.0,98.7,70.0,48.8,297,1
25,137519.0,97.4,38.3,97.9,59.6,13.7,44,1
68,108098.0,117.2,37.2,65.0,42.0,93.6,93,2
10,60217.0,82.5,30.6,55.9,57.9,95.6,106,2
67,23794.0,75.0,28.5,58.2,82.0,85.7,277,2
18,132299.0,89.7,36.0,56.1,84.1,84.4,127,2
86,123567.0,100.8,29.6,71.9,72.0,9.9,37,1
34,108258.0,113.0,27.6,76.4,57.4,99.3,96,2
8,40732.0,87.3,36.8,69.3,66.1,40.0,197,1
40,60367.0,102.7,29.7,64.5,50.8,16.3,191,2
83,15412.0,87.5,38.7,52.7,30.1,81.2,356,2
42,28356.0,100.9,37.6,69.0,50.8,22.6,6,1
41,117452.0,114.2,37.7,60.5,62.4,52.6,43,2
6,107256.0,81.6,36.6,72.5,67.9,12.8,331,1
52,89023.0,90.2,38.2,80.5,94.9,47.5,6,0
26,134359.0,119.7,37.1,78.0,82.2,55.8,193,2
64,87490.0,113.4,34.0,67.7,32.2,44.6,315,2
98,70045.0,98.2,29.4,73.4,33.9,6.9,0,2
59,51056.0,95.8,38.3,57.1,28.0,48.5,61,2
56,141067.0,84.2,37.6,41.5,79.1,46.9,342,2
59,12407.0,95.9,32.1,77.5,76.5,26.2,88,0
70,139633.0,112.4,25.6,55.2,98.9,92.2,17,2
33,124007.0,104.3,34.6,80.1,61.8,41.8,107,1
53,19489.0,84.5,25.8,84.8,86.1,86.4,134,1
22,84748.0,80.1,38.9,95.0,66.1,11.0,309,1
21,129982.0,83.3,39.4,97.5,89.9,31.9,66,0
70,85771.0,78.5,27.8,40.6,77.7,17.6,92,1
70,136080.0,74.8,35.1,99.4,71.4,40.8,137,1
4,141448.0,91.0,26.4,81.0,65.2,11.2,188,1
94,63358.0,75.7,35.9,78.6,77.8,44.1,58,0
75,56597.0,78.6,30.2,40.9,53.6,35.4,186,2
62,140448.0,97.4,35.2,91.7,27.7,22.3,234,2
62,101271.0,78.2,30.6,48.7,23.2,64.2,68,2
94,17403.0,73.2,27.2,90.2,58.3,95.1,97,1
95,6344.0,85.9,31.1,40.9,67.9,20.7,7,0
24,84694.0,81.0,26.7,78.8,26.3,71.2,310,2
55,139526.0,95.8,33.7,66.1,43.0,74.2,133,2
9,126637.0,75.1,25.6,52.0,45.8,49.8,55,2
3,101377.0,107.6,32.9,46.5,65.0,89.8,359,2
31,20867.0,115.3,38.3,66.4,42.3,96.6,113,2
40,38135.0,107.2,37.6,47.4,27.7,36.2,87,2
36,131327.0,96.6,38.2,69.2,33.2,65.1,137,2
24,27421.0,113.0,38.8,77.5,33.9,66.2,107,2
95,41766.0,104.7,26.6,89.6,87.4,40.4,22,0
6,19440.0,70.5,26.9,80.7,42.7,31.7,143,1
66,101416.0,89.7,33.4,43.9,77.2,93.4,356,2
84,141597.0,112.5,38.4,58.4,65.4,79.0,143,2
92,40345.0,87.3,39.6,57.3,98.2,11.4,55,0
75,71311.0,71.8,25.7,94.9,41.8,12.0,107,1
4,95151.0,107.3,30.3,92.1,32.7,92.3,350,2
79,149920.0,110.1,28.2,62.2,24.2,8.1,5,2
6,15721.0,78.0,36.3,44.3,39.3,68.8,29,1
94,74786.0,96.9,34.6,93.6,74.7,22.7,306,1
51,57768.0,79.6,26.8,93.3,26.8,3.5,361,2
62,129873.0,106.0,32.3,91.3,39.6,6.0,344,2
57,71395.0,83.6,35.3,90.7,88.4,37.4,126,0
66,16647.0,85.8,36.7,68.8,66.6,7.8,301,1
79,95164.0,112.2,25.3,50.6,25.6,59.7,120,2
75,115617.0,93.8,38.4,68.6,23.8,64.7,98,2
8,432.0,103.5,33.5,69.7,24.9,37.3,165,1
26,128844.0,90.1,37.2,69.4,95.4,74.3,324,2
51,27903.0,84.9,37.1,72.3,88.0,49.0,318,1
45,82810.0,101.3,27.8,55.5,87.6,43.0,240,2
44,62370.0,77.7,26.7,62.0,93.9,40.7,49,1
5,107948.0,88.6,35.8,66.1,60.4,43.1,267,1
70,55674.0,80.5,27.3,47.9,39.8,96.8,324,2
26,130464.0,104.8,37.7,67.3,52.1,68.1,72,2
68,109574.0,117.2,35.9,88.6,77.5,31.5,299,2
19,97157.0,119.8,37.6,89.7,90.1,73.4,51,1
84,119436.0,92.5,29.5,64.7,54.8,33.0,264,2
97,113103.0,82.6,29.7,71.1,62.8,12.6,226,2
20,5391.0,92.1,35.1,42.0,94.5,47.5,192,1
12,59210.0,112.4,25.5,80.5,28.6,75.1,238,2
47,139621.0,80.3,35.9,64.3,89.0,37.8,9,1
1,18859.0,117.6,37.5,66.7,32.7,86.9,301,2
90,110564.0,87.1,31.2,92.4,58.7,38.7,358,1
14,146189.0,119.3,36.5,67.7,37.5,35.0,227,2
64,7830.0,111.9,27.6,41.3,68.2,99.8,292,2
38,102329.0,110.4,29.8,53.6,64.7,48.2,51,2
37,70223.0,85.9,39.6,68.5,50.4,80.5,239,2
11,86876.0,70.4,39.8,65.5,89.1,80.5,98,1
77,12801.0,89.1,32.7,91.6,72.8,92.6,80,0
3,6451.0,85.1,39.0,72.5,77.7,8.5,12,0
33,100030.0,71.9,32.8,81.4,32.1,27.1,356,2
6,123496.0,95.3,29.4,68.2,90.7,76.8,127,2
50,117302.0,90.2,29.0,66.4,33.4,56.3,303,2
10,81571.0,101.7,38.9,66.8,37.8,56.0,10,2
5,14980.0,101.1,27.6,64.7,30.2,16.6,80,1
23,103207.0,76.0,33.7,72.3,55.2,28.1,260,2
10,36283.0,118.8,33.3,55.0,91.0,52.1,5,1
44,136660.0,79.3,36.1,93.5,40.2,27.7,221,1
2,125740.0,92.3,32.5,60.0,49.9,21.0,297,2
13,106407.0,94.4,29.1,48.9,87.7,8.8,80,1
40,142327.0,110.7,27.5,45.8,69.4,15.6,2,2
2,4713.0,75.0,34.3,40.8,80.1,76.9,59,1
84,110430.0,91.4,35.8,65.4,37.1,71.9,220,2
65,49536.0,101.4,33.5,51.3,77.3,4.6,348,1
63,135910.0,80.8,36.1,41.3,38.2,20.3,48,2
73,40001.0,101.4,27.1,71.2,99.0,56.0,227,2
17,108728.0,116.2,38.2,80.8,64.8,32.3,289,2
9,131647.0,119.9,33.7,45.1,75.7,82.3,292,2
75,6249.0,71.6,26.9,67.7,29.5,78.5,297,2
15,59647.0,81.8,31.9,84.6,40.1,89.2,192,2
24,114346.0,85.5,37.7,99.1,31.2,56.3,256,2
38,68238.0,90.0,38.5,80.0,51.2,35.2,102,1
35,40088.0,82.1,29.0,54.7,42.7,60.6,145,2
94,32971.0,80.2,35.7,83.0,78.6,8.9,289,0
95,19728.0,117.7,26.5,75.9,28.7,1.0,256,2
49,128569.0,115.9,25.5,52.7,80.2,1.7,308,2
69,86303.0,72.3,33.4,91.1,23.7,40.8,277,1
62,11458.0,86.9,35.4,65.6,36.2,22.8,188,1
60,57387.0,90.3,36.9,97.7,83.4,15.7,177,0
50,55160.0,82.0,30.1,83.4,79.4,61.5,15,0
78,27261.0,101.4,25.1,78.7,58.1,99.5,85,2
75,65326.0,102.0,32.2,83.7,24.0,17.8,247,2
9,49815.0,112.5,25.2,68.7,68.8,54.6,216,2
34,51271.0,107.0,26.4,70.3,52.5,12.0,41,2
76,110854.0,97.1,29.9,91.1,45.3,93.4,193,2
99,33490.0,102.7,31.6,80.9,71.2,29.2,326,1
35,96279.0,83.7,29.2,93.8,54.9,87.8,162,2
1,85597.0,99.7,33.7,93.4,27.4,28.3,275,2
40,85214.0,94.5,25.8,98.6,93.3,80.6,363,2
64,99451.0,76.7,27.2,82.0,82.3,20.9,129,1
22,82257.0,82.1,35.4,70.1,24.5,29.3,262,2
60,131888.0,84.6,27.1,50.0,62.0,19.2,176,2
64,101337.0,116.2,34.6,82.3,26.7,26.4,264,2
93,82044.0,81.5,25.8,57.5,87.0,83.5,26,2
72,124464.0,84.5,31.1,57.0,69.0,63.9,84,1
11,90922.0,88.5,27.7,54.3,33.8,40.6,195,2
14,43672.0,103.2,26.6,92.5,21.7,97.2,315,2
60,31064.0,75.9,33.5,92.1,22.5,46.5,242,1
30,22849.0,117.7,38.9,77.9,60.6,97.0,341,2
35,134918.0,113.3,25.8,68.4,78.7,19.7,176,2
85,106520.0,98.9,31.3,80.3,29.7,90.5,129,2
37,140607.0,103.7,35.6,76.4,37.7,1.4,144,2
5,90494.0,70.8,31.9,64.9,46.2,54.5,82,1
83,71010.0,86.9,37.1,62.8,37.4,42.3,359,2
78,8957.0,109.8,27.7,63.0,51.3,52.5,87,2
26,100746.0,73.9,39.4,75.3,64.8,55.3,19,1
62,87331.0,84.1,30.8,78.9,74.8,38.9,229,1
4,148531.0,99.3,30.1,67.1,97.1,99.8,125,2
89,35874.0,82.8,38.1,98.1,94.5,97.7,353,1
42,79611.0,116.7,33.5,45.0,65.6,96.2,50,2
89,97644.0,76.6,32.7,60.8,78.7,97.9,87,1
18,96689.0,109.9,35.9,65.1,96.1,79.3,169,2
40,84194.0,95.4,33.7,41.0,26.7,98.9,62,2
72,116539.0,107.5,27.4,61.9,20.5,89.2,88,2
39,30747.0,85.5,35.1,56.4,22.4,41.6,188,2
14,108844.0,95.7,27.0,70.4,65.1,78.5,189,2
32,92960.0,112.8,37.1,60.2,81.0,91.2,88,2
51,134411.0,93.3,39.8,83.6,49.4,71.3,347,2
38,127079.0,88.0,30.7,70.6,63.6,42.3,331,1
97,47272.0,96.8,31.7,47.8,61.3,6.6,25,1
23,41436.0,105.9,25.7,85.0,27.6,81.0,175,2
63,147248.0,92.2,25.2,46.0,45.7,95.3,363,2
15,79090.0,116.9,38.8,90.3,21.6,36.2,263,2
97,135963.0,84.7,26.9,95.9,28.9,15.2,41,1
25,24582.0,93.8,31.7,59.3,84.9,32.7,118,1
17,96423.0,107.8,37.2,95.6,86.4,58.3,168,1
97,121479.0,104.5,38.3,87.6,84.2,31.7,107,1
66,142109.0,113.2,32.8,95.3,78.1,61.1,146,2
78,50601.0,119.8,33.5,80.0,83.5,96.7,175,2
53,108747.0,91.3,35.0,54.1,73.7,67.1,188,2
51,80822.0,75.6,39.4,93.7,73.6,36.3,159,0
39,9094.0,71.5,34.0,51.1,73.4,93.6,301,2
51,103500.0,106.3,33.4,52.8,61.1,56.6,347,2
70,103514.0,113.7,25.2,56.3,49.1,12.8,73,2
6,139591.0,81.0,26.2,58.3,78.4,49.9,351,2
67,74597.0,77.9,33.7,70.9,43.9,65.4,17,1
7,34538.0,73.1,39.0,82.8,63.4,83.8,139,1
51,6685.0,111.1,38.0,95.6,54.7,93.6,114,2
72,62346.0,85.6,39.7,45.3,42.1,31.7,327,2
42,45288.0,90.1,32.9,97.3,98.0,15.6,224,0
64,114163.0,95.1,36.8,95.3,40.7,7.4,45,1
15,53140.0,112.0,37.6,43.2,44.7,73.8,37,2
29,142361.0,102.5,34.7,61.6,32.9,79.5,205,2
33,144347.0,100.8,30.1,88.8,85.8,40.9,8,1
94,93136.0,78.8,32.0,76.7,66.9,39.6,252,1
27,139299.0,95.7,37.9,86.7,69.0,95.4,107,2
36,114128.0,105.8,29.5,83.1,85.6,91.7,97,2
29,82029.0,118.7,38.9,69.8,47.4,23.3,274,2
38,27046.0,80.1,28.4,42.5,35.5,78.1,70,2
57,68790.0,70.5,36.2,75.1,35.9,62.3,38,1
97,84131.0,73.8,34.5,42.9,78.6,15.4,297,1
27,129594.0,88.8,36.2,76.2,69.1,35.7,89,1
55,72200.0,111.0,31.6,88.0,36.5,17.7,218,2
33,134651.0,70.4,39.0,75.1,31.6,29.5,106,2
68,101152.0,92.8,34.5,99.8,29.7,61.5,95,2
86,20550.0,86.5,29.3,67.4,70.2,37.5,31,0
66,149247.0,72.6,34.6,84.9,20.0,39.4,125,1
10,79085.0,92.5,29.3,80.0,21.5,54.0,146,2
5,58779.0,82.7,29.4,99.5,51.2,8.7,279,1
74,98867.0,87.6,31.0,82.8,75.3,73.9,23,1
97,16334.0,105.3,37.8,49.8,75.6,40.2,208,2
38,95481.0,96.1,32.5,97.3,54.4,48.0,119,1
13,74735.0,76.2,35.2,80.1,75.3,97.4,273,1
31,61001.0,118.1,30.9,43.6,61.7,34.4,139,2
47,142953.0,101.8,29.0,79.5,98.2,64.8,296,2
88,78381.0,108.3,39.3,93.0,33.0,39.3,342,2
52,32868.0,74.0,34.1,74.6,68.1,89.4,81,1
56,68845.0,72.4,39.0,61.2,59.3,84.7,207,2
15,137908.0,71.0,28.1,89.3,35.6,24.2,32,1
29,26414.0,79.4,27.2,87.0,80.0,69.2,23,0
8,32094.0,90.7,37.8,72.7,42.0,6.5,60,0
5,1954.0,116.8,35.2,49.3,50.5,96.3,310,2
29,2129.0,92.9,27.8,55.1,50.0,34.9,188,2
47,124409.0,84.5,29.0,84.3,39.5,83.2,83,2
68,109818.0,98.1,37.0,88.4,54.5,31.8,224,2
76,53256.0,75.6,31.8,56.8,57.9,63.3,167,2
45,104747.0,100.5,35.1,62.1,79.5,98.4,185,2
2,59281.0,98.4,29.8,44.7,81.2,87.7,71,2
27,142935.0,109.6,30.7,82.8,32.7,16.0,73,2
95,145058.0,119.3,39.9,40.2,67.4,54.7,340,2
36,58919.0,82.5,28.7,42.8,91.7,34.9,152,1
36,128133.0,95.5,32.6,40.3,28.7,43.4,95,2
26,115963.0,115.4,37.7,78.7,57.8,33.5,52,2
43,46500.0,109.3,28.6,65.0,80.0,33.6,173,1
27,34806.0,94.4,31.2,57.9,68.9,54.3,109,1
69,68735.0,117.3,34.2,94.8,28.0,19.2,315,2
20,117202.0,72.9,32.2,51.6,51.7,53.7,50,2
11,144025.0,116.5,31.9,63.4,60.6,27.9,252,2
74,114537.0,72.5,30.4,96.4,99.7,28.9,72,0
38,128281.0,97.4,33.8,65.6,34.3,73.9,211,2
6,90460.0,114.5,34.4,73.3,98.6,3.0,211,2
72,125311.0,83.1,34.8,44.8,50.1,38.1,250,2
23,117663.0,93.6,26.1,87.4,36.0,40.8,167,2
47,56548.0,86.2,34.5,65.4,53.1,48.5,262,1
90,82799.0,117.6,39.3,88.0,69.1,66.9,330,2
46,120713.0,111.2,33.1,55.2,37.1,37.0,229,2
12,6909.0,105.5,35.7,65.3,43.3,21.3,238,2
90,121212.0,99.4,33.4,87.2,88.4,88.5,274,2
13,26683.0,111.0,37.8,98.4,99.9,98.1,142,1
62,77203.0,89.6,38.9,43.6,45.5,2.0,69,1
82,121241.0,92.4,27.8,88.7,31.9,54.6,311,2
89,38073.0,106.5,31.6,58.0,83.5,34.2,173,1
97,36871.0,87.9,30.9,73.0,68.0,27.7,335,1
60,60415.0,73.2,31.1,57.4,28.0,33.6,108,2
43,134196.0,73.7,26.9,76.8,95.7,63.9,202,2
76,66.0,75.8,37.2,61.2,26.2,19.1,184,1
68,135207.0,113.5,25.5,60.0,70.0,91.3,290,2
5,23071.0,93.6,32.9,42.3,53.9,46.6,327,1
37,148513.0,105.6,34.9,48.8,64.5,32.6,91,2
72,143227.0,89.6,28.1,95.0,37.1,76.6,258,2
92,74201.0,82.9,38.6,99.9,75.0,1.6,321,1
31,76908.0,87.4,37.6,86.8,96.8,43.2,205,1
9,72232.0,109.7,32.1,57.2,56.7,35.5,51,2
51,95317.0,101.3,31.2,64.1,61.8,33.8,348,1
29,13608.0,116.9,28.5,84.4,39.2,33.7,180,2
78,4893.0,104.0,35.9,98.1,91.3,3.1,302,1
40,8655.0,98.5,27.0,67.3,97.7,15.2,2,1
41,66655.0,100.5,35.2,89.8,82.9,14.2,83,0
86,41332.0,117.1,37.6,98.5,63.4,98.9,213,2
11,93306.0,109.4,28.4,92.4,96.5,2.2,33,1
23,148866.0,71.2,38.0,53.6,32.3,16.7,49,2
1,57948.0,96.7,25.5,40.5,58.3,97.4,288,2
46,86076.0,104.4,38.7,69.5,63.0,62.8,328,2
21,62341.0,107.4,26.8,71.9,59.4,45.1,258,2
90,127091.0,80.7,34.7,52.1,84.2,7.9,257,2
36,135335.0,113.4,28.8,57.1,73.6,67.0,271,2
54,131603.0,117.8,37.5,85.9,30.1,13.8,181,2
87,146156.0,81.8,32.7,68.2,47.7,67.1,32,1
57,4128.0,114.1,27.0,59.0,47.1,97.9,264,2
1,125972.0,74.8,33.6,77.4,65.3,53.2,312,2
63,112766.0,72.8,31.1,79.2,43.3,21.4,39,1
54,34304.0,76.5,34.9,86.2,29.4,62.5,307,1
55,143448.0,72.9,38.2,49.4,72.3,51.3,209,2
40,22227.0,112.3,31.1,84.5,88.1,53.3,271,1
15,101932.0,73.0,29.3,76.0,94.5,47.8,135,1
21,33734.0,83.6,25.2,43.5,97.8,67.4,86,1
47,64707.0,75.2,33.6,86.6,82.5,57.2,59,0
73,107874.0,84.8,31.0,63.0,31.2,98.7,163,2
53,84499.0,74.5,30.6,59.8,88.2,82.6,2,1
9,64125.0,103.4,27.7,66.9,52.0,26.5,14,1
74,48951.0,76.7,31.5,60.8,78.4,72.6,101,1
52,125949.0,112.6,39.8,60.3,62.5,21.4,254,2
57,21572.0,110.9,29.5,88.5,86.3,78.2,224,2
26,64515.0,70.7,34.0,47.5,54.0,14.8,209,2
41,135564.0,114.8,36.6,98.2,24.9,47.4,22,2
35,126877.0,71.4,36.2,73.3,64.5,79.1,234,2
63,60141.0,82.0,29.9,51.0,33.7,28.0,130,2
25,114466.0,71.6,34.2,47.9,97.2,83.7,157,2
90,123474.0,86.8,38.1,75.5,62.2,64.4,172,1
75,133333.0,95.7,25.2,78.0,64.3,39.8,16,1
38,81676.0,109.8,31.5,43.2,92.6,42.3,313,2
2,30669.0,86.9,28.4,54.6,70.0,92.6,184,2
7,38296.0,105.3,30.8,87.7,44.2,21.8,333,1
82,44354.0,79.4,31.2,43.0,43.7,69.3,183,2
91,89070.0,107.5,36.2,91.3,60.1,70.7,142,2
34,4921.0,81.8,26.4,79.5,89.3,92.2,43,1
91,95406.0,77.2,32.7,66.1,83.6,71.3,11,1
17,54653.0,79.3,33.5,60.8,97.0,58.4,7,1
43,44286.0,79.1,32.4,41.2,25.8,90.3,79,2
59,131924.0,95.6,36.0,89.5,41.5,82.9,296,2
51,69000.0,112.2,30.8,48.6,26.4,71.7,161,2
54,14258.0,74.0,39.2,58.6,80.1,3.3,301,1
24,124012.0,105.3,32.2,74.1,31.3,37.4,215,2
25,7146.0,102.7,33.6,54.8,28.0,63.2,247,2
71,109012.0,113.6,37.4,69.8,64.9,52.2,28,2
52,116086.0,82.2,29.1,88.6,52.9,31.9,271,2
70,52890.0,92.5,26.1,68.2,77.2,14.4,132,1
88,123718.0,116.3,35.6,96.9,59.0,55.3,4,2
33,77349.0,103.0,32.2,90.9,54.0,28.6,243,1
49,69494.0,89.4,38.4,60.0,54.0,23.3,29,1
29,6810.0,76.6,39.7,64.0,89.8,39.9,116,0
63,43504.0,83.1,31.0,65.4,51.6,78.5,177,1
22,139651.0,99.1,31.2,77.6,46.7,48.8,260,2
26,58774.0,105.9,31.1,57.2,47.1,21.6,234,2
28,82005.0,76.2,29.9,98.2,35.7,11.7,140,1
85,79803.0,100.0,36.7,76.5,88.9,49.9,304,1
49,88565.0,97.5,36.4,64.0,31.7,79.4,344,2
71,9200.0,95.7,32.2,78.7,92.7,65.3,49,1
81,54326.0,104.5,25.7,63.7,42.7,23.2,269,2
84,108469.0,111.9,29.6,89.1,92.0,43.7,107,2
49,30084.0,86.1,29.4,74.1,83.3,85.5,45,1
20,30537.0,114.5,37.2,42.5,66.6,17.8,81,1
86,1514.0,78.0,26.3,50.6,73.6,53.2,125,1
92,65622.0,78.7,37.1,91.9,46.1,35.6,83,0
63,132410.0,83.3,35.0,73.8,65.9,12.4,289,1
61,7785.0,76.0,36.0,97.0,43.4,5.0,70,0
49,28668.0,81.5,31.5,44.3,52.2,55.6,174,1
71,46513.0,75.3,35.2,57.7,81.2,2.1,315,1
1,109759.0,111.1,34.1,51.6,39.5,10.3,329,2
96,96095.0,76.9,36.5,73.2,87.1,34.8,336,1
13,62392.0,107.4,31.7,63.0,50.1,4.4,353,2
94,113860.0,72.4,32.1,49.4,62.6,40.0,90,1
87,91445.0,117.4,34.7,78.6,95.4,13.0,350,2
51,134406.0,105.6,26.6,72.2,74.5,35.0,248,2
56,122704.0,70.3,31.5,56.5,71.6,79.1,131,2
83,37922.0,108.2,39.6,68.8,76.9,62.6,168,1
62,40716.0,95.7,25.6,84.7,93.4,44.5,59,0
32,18803.0,109.0,29.7,52.3,39.9,9.2,336,2
30,50545.0,96.1,29.7,57.6,69.1,61.9,240,2
29,149932.0,102.1,34.5,60.8,52.0,16.4,189,2
49,60863.0,109.3,26.6,84.8,20.9,7.7,339,2
45,33073.0,90.3,34.4,90.8,30.0,66.4,280,1
93,114372.0,70.1,26.4,62.6,46.0,91.2,231,2
30,81371.0,112.5,26.4,57.8,65.2,46.1,288,2
16,22440.0,89.0,35.9,93.4,90.5,4.1,274,0
40,57103.0,94.8,29.9,100.0,83.3,88.0,312,2
19,62170.0,70.4,39.7,80.2,64.3,6.7,14,0
18,113074.0,94.6,25.6,99.4,25.9,86.8,40,2
1,3101.0,119.3,31.7,79.6,42.9,39.2,207,2
78,40353.0,83.9,26.7,84.0,49.3,36.5,59,0
47,77639.0,89.8,30.3,63.3,69.7,54.3,364,1
66,40327.0,104.4,40.0,66.0,25.2,95.7,239,2
92,94265.0,110.7,38.3,48.6,62.4,89.9,95,2
94,72280.0,90.9,25.7,89.4,92.1,47.0,277,1
38,54257.0,85.5,33.4,95.9,76.4,69.6,159,1
51,142381.0,116.9,34.7,77.4,83.8,58.0,281,2
63,94824.0,103.9,28.1,60.6,74.5,69.3,208,2
4,19491.0,76.0,27.2,49.2,36.5,82.9,132,2
1,84014.0,73.4,38.6,55.9,28.8,3.4,96,2
8,117110.0,94.2,39.5,55.3,86.4,32.6,218,2
29,106273.0,81.0,39.9,76.8,75.6,95.9,70,1
55,25813.0,82.7,36.8,96.7,66.0,94.9,273,1
3,145863.0,113.9,35.0,42.9,35.1,1.1,350,2
32,67322.0,74.5,30.2,40.1,68.3,20.1,133,1
10,23854.0,105.8,27.6,76.0,22.5,99.4,65,2
74,27029.0,83.6,26.2,57.0,29.5,49.3,126,2
83,14735.0,108.0,35.4,92.8,45.0,57.3,204,2
34,120528.0,106.1,36.8,59.6,55.5,16.6,297,2
97,18305.0,70.4,37.4,57.4,29.6,89.4,116,2
87,18769.0,95.5,38.7,56.2,29.6,23.1,266,2
55,127571.0,77.0,38.2,48.7,78.1,19.0,281,2
92,51691.0,113.3,40.0,74.9,65.6,22.8,148,1
32,4629.0,113.6,28.7,50.1,62.7,92.0,193,2
50,7784.0,90.9,36.4,65.5,56.2,70.3,167,1
7,21326.0,92.2,33.8,67.7,98.1,76.9,311,1
93,32009.0,85.2,28.9,41.2,24.0,37.7,178,2
8,99772.0,105.8,39.7,41.0,34.5,90.9,147,2
65,23599.0,87.9,38.5,71.2,71.8,78.9,56,1
57,17831.0,83.4,26.9,81.8,30.9,75.1,4,1
67,114708.0,91.6,25.4,96.5,67.2,97.1,13,1
88,100658.0,74.6,35.3,50.7,65.4,36.6,279,2
87,65299.0,107.3,34.1,46.2,97.7,61.1,323,2
59,82396.0,70.6,39.0,43.1,90.7,91.0,303,2
72,46798.0,102.2,28.5,66.2,95.6,79.1,215,2
54,72375.0,79.1,26.3,77.4,29.1,56.3,174,2
67,76001.0,81.6,28.9,90.4,89.5,7.6,315,1
51,58086.0,101.8,25.3,81.0,30.3,65.3,2,2
97,135986.0,119.6,25.5,52.5,70.6,52.7,136,2
92,2409.0,108.9,38.7,67.7,77.6,18.4,99,1
8,117326.0,81.3,30.3,94.6,32.9,88.2,82,2
34,18657.0,78.8,31.2,59.6,70.6,34.3,279,1
35,119632.0,113.3,25.3,69.9,24.2,38.7,131,2
96,92387.0,92.2,29.1,97.5,43.5,67.2,0,1
88,126492.0,76.9,37.1,84.1,93.7,48.9,115,1
78,14627.0,113.1,34.2,84.9,33.7,8.9,201,2
32,83847.0,110.8,36.3,55.1,25.2,38.7,139,2
46,75163.0,119.2,31.7,64.9,55.5,9.4,145,2
16,105929.0,115.5,29.6,44.9,88.0,19.1,265,2
68,80144.0,112.6,32.2,76.4,26.1,0.7,201,2
37,81110.0,72.6,29.8,46.2,48.4,18.1,151,2
54,64439.0,75.2,37.6,90.2,92.0,33.0,221,1
85,46325.0,98.4,29.5,88.9,29.5,53.8,78,1
14,72340.0,96.6,34.9,72.0,44.9,91.9,199,2
95,17774.0,92.9,27.1,48.5,82.3,54.0,249,2
55,144227.0,89.8,35.3,41.5,63.5,70.6,98,2
48,107162.0,91.6,38.7,87.8,86.6,35.8,212,1
82,142870.0,98.5,34.1,76.0,28.9,75.2,142,2
7,34009.0,70.1,33.4,82.7,93.6,62.0,189,1
74,131901.0,83.0,39.4,58.2,94.8,46.0,300,2
7,121318.0,95.9,34.4,70.6,32.4,19.4,51,2
33,101573.0,106.1,28.9,84.8,22.7,30.4,111,2
23,93754.0,78.7,29.4,67.8,99.2,62.1,134,1
85,47482.0,97.3,35.6,76.1,58.6,42.6,111,1
19,122462.0,105.7,36.0,87.4,65.8,88.9,12,2
19,75227.0,92.2,29.6,52.9,69.3,23.5,272,2
36,10634.0,71.4,30.2,44.0,83.2,7.3,232,1
29,46929.0,92.5,39.9,71.9,85.0,58.9,43,0
60,140295.0,84.8,26.5,43.7,35.5,88.6,72,2
82,127602.0,116.5,31.1,86.0,38.9,36.5,260,2
2,147286.0,76.2,25.9,83.2,90.1,64.8,230,2
1,94199.0,102.6,37.3,92.9,85.6,23.1,32,0
47,37127.0,72.6,26.4,78.4,69.4,55.8,67,1
69,24422.0,92.3,35.1,44.0,99.6,78.7,15,1
20,28037.0,97.7,25.8,55.2,78.8,86.7,149,2
11,2969.0,84.9,35.1,88.5,37.3,10.5,291,1
2,58602.0,92.8,37.6,50.0,87.7,35.6,101,1
67,28714.0,78.2,31.0,81.9,53.2,64.0,185,1
87,61748.0,85.2,32.8,86.8,22.9,3.5,24,1
12,140249.0,101.1,31.0,59.8,45.7,69.1,71,2
20,64581.0,85.1,29.5,59.3,81.1,52.8,80,1
5,131698.0,115.0,37.0,73.5,96.8,28.9,60,1
37,90826.0,101.4,29.1,91.7,42.1,81.5,17,2
38,37070.0,91.9,35.8,53.4,39.7,29.0,241,2
94,53378.0,71.9,28.1,96.5,65.1,99.1,57,1
9,12588.0,95.0,28.7,75.9,84.9,81.6,331,2
98,50019.0,108.2,30.0,99.5,79.7,70.8,56,1
53,101631.0,83.3,33.8,45.4,64.8,6.1,96,1
44,10817.0,110.3,31.8,47.6,70.5,90.4,214,2
99,30810.0,82.6,36.2,89.6,39.4,79.0,318,2
86,57216.0,111.2,28.2,91.9,54.6,22.9,11,1
24,147307.0,74.3,25.2,66.7,40.4,39.2,10,1
81,117729.0,113.3,36.6,82.8,90.8,26.9,162,1
74,110023.0,95.0,37.3,92.1,29.0,98.4,282,2
30,17429.0,84.8,25.9,42.6,74.4,85.4,216,2
59,117149.0,83.3,34.2,74.4,40.8,93.0,359,2
87,117790.0,91.6,30.7,91.2,58.0,78.9,322,2
96,90165.0,120.0,36.9,63.9,44.0,45.6,240,2
81,148554.0,81.0,38.1,58.1,45.9,20.5,344,2
81,48788.0,75.2,37.8,87.7,40.8,20.8,44,0
14,141191.0,99.3,36.7,60.1,80.2,15.2,80,1
9,137210.0,94.4,29.0,40.2,49.3,54.7,254,2
40,1722.0,96.2,37.2,97.6,78.1,92.0,66,1
66,67517.0,103.3,33.0,75.5,56.5,99.2,101,2
25,146566.0,83.4,25.8,89.2,63.8,28.7,90,1
73,15468.0,115.5,31.9,89.5,63.5,69.7,41,1
22,82168.0,91.8,39.1,44.0,98.1,59.7,275,2
4,146844.0,76.5,38.3,50.3,49.4,48.9,303,2
26,83324.0,107.1,26.5,58.7,36.6,66.6,273,2
58,28472.0,102.2,36.2,59.2,92.9,37.1,76,1
29,87327.0,85.8,37.1,79.5,34.0,94.4,233,2
98,30666.0,101.1,29.1,77.4,86.8,70.5,201,2
87,77956.0,81.0,32.1,69.7,32.0,75.4,220,2
37,11106.0,92.2,35.7,52.7,72.7,24.2,261,1
75,90822.0,115.0,31.6,62.9,32.0,16.9,38,2
70,77518.0,76.7,26.7,72.6,93.8,39.4,10,1
18,111024.0,89.3,35.6,68.1,65.2,76.7,111,2
85,94605.0,111.1,38.7,47.6,46.3,93.9,107,2
42,82441.0,118.5,34.8,79.0,31.2,42.7,93,2
41,103467.0,92.7,36.6,44.4,49.7,77.4,310,2
38,21591.0,95.3,30.4,62.7,76.4,47.0,83,0
34,89304.0,98.6,27.7,82.6,50.8,29.5,57,1
17,25817.0,116.6,34.6,41.2,39.7,73.9,292,2
37,138828.0,112.9,29.9,74.2,66.2,79.8,15,2
25,10250.0,78.5,37.9,60.1,53.4,20.3,325,1
76,64556.0,91.8,26.8,40.5,33.3,30.5,92,2
87,104370.0,93.2,31.5,51.4,32.3,49.5,164,2
86,68703.0,109.5,31.0,96.5,76.6,18.7,214,1
85,13814.0,100.1,39.1,71.3,98.0,92.9,143,1
27,83007.0,102.7,27.3,99.8,38.6,59.1,273,2
57,96245.0,119.9,25.1,71.5,81.9,12.1,137,2
31,105569.0,73.7,28.6,72.6,27.0,18.4,203,2
6,55989.0,81.2,37.3,63.5,50.5,95.4,301,2
91,84549.0,90.4,28.1,58.6,60.5,73.8,209,2
40,67603.0,87.4,28.6,55.1,41.5,73.4,18,2
98,100808.0,71.1,26.9,60.6,62.4,7.2,293,2
12,87534.0,74.6,35.7,67.6,90.6,89.5,292,2
53,78863.0,104.0,26.0,51.5,95.6,44.4,300,2
71,37429.0,114.0,30.0,53.5,28.0,66.0,161,2
10,303.0,95.7,29.2,56.3,41.7,96.0,129,2
45,26112.0,97.0,33.3,67.0,98.3,10.0,43,0
17,17560.0,82.8,36.0,79.2,41.6,48.2,352,1
26,67363.0,108.4,33.0,91.4,75.4,5.0,82,1
85,91839.0,107.6,39.0,57.2,40.3,50.0,123,2
92,31963.0,99.4,39.3,51.0,48.5,25.2,26,1
62,140859.0,80.6,30.4,62.7,35.3,91.1,303,2
46,1002.0,74.9,36.7,93.7,88.5,39.8,349,0
64,115845.0,73.2,36.1,40.6,90.6,63.4,6,1
2,93781.0,99.6,38.4,80.7,43.8,86.0,340,2
54,56033.0,111.3,31.7,68.6,85.9,98.4,198,2
65,7573.0,112.9,33.0,49.7,48.7,50.4,111,2
51,94123.0,93.2,31.2,59.3,27.9,45.6,88,1
53,57842.0,109.2,37.8,53.5,80.6,7.6,127,2
36,140440.0,117.3,28.4,92.7,67.7,1.3,229,2
26,81299.0,83.8,28.6,68.9,42.0,60.9,17,1
29,140948.0,89.9,30.6,73.8,40.2,6.5,288,2
21,33073.0,116.6,28.5,75.6,98.0,38.0,160,1
11,108859.0,86.9,33.4,78.4,89.0,0.4,351,1
40,92587.0,115.7,27.0,69.7,84.8,61.5,280,2
11,110911.0,119.1,29.8,41.1,30.2,42.5,165,2
36,32200.0,103.1,38.7,60.1,80.4,12.7,259,1
59,99749.0,110.8,31.1,51.0,37.2,29.6,363,2
39,74706.0,107.5,36.2,80.8,98.2,57.0,189,2
99,111424.0,105.0,26.7,43.4,24.2,65.7,337,2
54,49057.0,85.3,28.7,73.8,48.2,46.2,265,1
98,133509.0,72.9,37.1,52.6,54.3,80.4,290,2
55,12645.0,87.2,36.4,96.9,85.9,11.2,354,0
24,121078.0,103.3,30.8,60.1,81.3,8.5,359,2
22,129198.0,75.1,39.3,59.5,50.0,4.4,278,2
69,122588.0,70.6,38.7,95.4,65.2,53.6,216,1
56,76909.0,77.0,39.4,65.0,86.8,70.6,320,2
33,65758.0,105.8,31.4,97.8,21.5,13.1,337,2
36,149439.0,118.6,28.0,41.5,84.2,63.9,206,2
20,34376.0,119.2,34.4,58.4,95.8,47.7,152,1
83,82031.0,94.7,35.3,80.0,22.6,98.7,180,2
99,100601.0,113.5,26.9,93.5,23.6,71.7,211,2
81,105130.0,106.8,36.8,55.4,47.6,65.7,272,2
62,30604.0,95.1,25.3,95.8,27.0,57.0,202,2
98,98099.0,98.6,32.2,75.6,58.3,99.7,204,2
73,122755.0,76.9,30.0,88.1,78.3,98.0,152,1
26,7503.0,116.9,36.1,63.8,65.4,53.8,169,1
66,136728.0,87.6,29.7,52.7,35.7,45.5,240,2
73,4426.0,92.3,37.4,94.7,72.4,46.2,286,0
73,53396.0,103.6,33.9,96.0,74.8,42.8,244,1
40,2372.0,86.7,36.9,69.9,94.6,53.1,320,1
17,11572.0,82.7,39.8,40.4,31.7,27.4,79,1
1,136675.0,101.6,35.2,46.6,75.4,92.7,91,2
89,53229.0,71.2,39.8,74.4,92.9,49.0,148,1
61,63716.0,106.0,25.4,41.4,60.1,84.2,29,2
43,32302.0,95.7,30.1,63.8,48.9,47.5,122,1
42,89564.0,100.3,26.6,58.2,33.7,71.8,325,2
25,89220.0,101.6,28.9,82.9,89.3,33.7,28,1
39,55830.0,96.4,37.6,43.3,51.5,62.5,258,2
35,49955.0,99.1,25.5,69.3,94.0,49.8,185,1
3,132745.0,104.2,32.8,74.7,87.8,36.7,74,1
44,57493.0,107.7,33.5,77.0,50.1,88.2,44,2
51,74025.0,106.4,33.4,64.3,65.9,11.3,68,1
94,42496.0,113.5,32.1,58.3,22.2,48.7,209,2
98,118015.0,79.5,36.9,80.9,41.1,19.4,238,1
12,59617.0,90.1,27.0,90.9,76.8,86.1,339,2
19,77042.0,117.4,29.7,81.6,74.2,25.3,307,2
44,38004.0,89.8,34.2,95.9,48.3,63.3,191,1
59,148149.0,76.2,35.4,83.0,84.7,16.6,102,1
49,43724.0,96.3,31.1,85.9,38.9,40.5,240,1
61,115611.0,75.5,38.1,50.1,56.9,89.9,252,2
17,64124.0,80.1,31.2,65.2,57.8,16.6,219,1
74,30933.0,119.9,31.0,69.1,47.3,66.3,335,2
57,119958.0,97.1,25.5,55.4,96.4,20.5,216,2
55,50041.0,84.2,33.3,71.7,75.7,41.6,201,1
47,129779.0,119.7,35.6,57.4,63.1,54.1,28,2
12,137289.0,118.3,26.7,81.3,60.8,57.7,211,2
62,128974.0,92.0,29.6,68.2,32.7,60.3,153,2
80,5251.0,83.0,36.7,67.5,49.8,64.0,230,1
88,118106.0,111.9,30.5,99.0,73.8,27.2,101,1
83,61701.0,105.8,28.6,63.5,94.0,40.1,314,2
8,131058.0,104.3,35.1,61.7,85.3,3.7,176,1
95,95693.0,114.7,28.0,59.1,44.0,76.9,180,2
21,125046.0,104.5,38.4,93.7,54.7,83.7,231,2
81,74915.0,84.2,26.6,69.8,26.6,19.9,11,1
87,80254.0,104.7,35.6,76.0,28.2,20.1,185,2
80,21658.0,85.3,32.5,50.8,57.6,4.2,248,1
70,117598.0,108.0,38.0,72.5,62.4,97.0,265,2
72,62908.0,101.0,26.9,56.5,41.1,80.7,134,2
25,75012.0,73.9,35.2,83.8,71.4,36.1,244,1
82,117765.0,95.6,33.6,90.0,76.3,48.2,30,1
89,89827.0,87.2,32.2,82.9,43.9,29.2,346,1
12,30165.0,86.4,32.4,83.8,80.7,59.7,258,1
15,88535.0,100.1,35.8,70.7,36.4,71.7,103,2
59,61145.0,86.1,39.1,82.7,63.5,44.7,0,0
26,70429.0,108.8,26.4,65.4,84.3,87.4,206,2
26,4247.0,73.5,25.3,79.1,63.0,51.7,134,1
47,31504.0,103.0,37.1,55.5,92.6,14.4,270,1
32,42156.0,110.5,26.6,44.2,24.7,62.2,88,2
10,106944.0,103.6,39.8,64.8,67.1,46.2,194,2
16,1724.0,94.9,34.3,67.7,64.9,93.6,121,1
71,61317.0,117.5,34.8,55.4,72.8,39.2,115,2
17,138604.0,85.0,28.0,83.7,86.7,40.3,195,1
23,16782.0,71.0,28.6,44.4,78.1,65.1,35,1
26,77464.0,91.6,34.9,53.4,83.2,52.7,66,1
85,117978.0,71.7,38.6,84.9,43.1,37.4,132,1
86,141380.0,117.7,39.7,66.2,51.0,99.0,280,2
7,112016.0,80.5,28.0,82.3,70.1,30.2,10,1
14,108085.0,109.4,27.0,74.0,64.3,27.8,217,2
79,123973.0,108.7,25.8,97.0,96.9,86.4,321,2
7,66930.0,80.9,38.0,75.9,34.9,0.3,155,1
9,120877.0,101.1,29.4,40.9,48.1,20.1,239,2
48,1195.0,72.4,25.0,61.2,65.8,59.0,59,1
72,138684.0,94.2,28.4,48.6,89.4,16.2,137,2
59,66496.0,70.7,30.1,95.5,94.3,98.6,49,1
87,83007.0,116.1,39.9,46.2,46.9,46.4,166,2
93,38232.0,118.8,32.9,63.3,25.4,59.7,164,2
82,111380.0,81.1,28.1,53.6,53.7,16.0,318,2
95,11495.0,80.4,30.0,90.8,51.5,28.9,188,1
94,130895.0,107.7,30.0,58.5,98.9,61.5,91,2
39,124218.0,82.7,25.3,99.5,54.5,55.0,293,2
99,32409.0,114.8,27.0,42.3,44.5,78.4,288,2
18,121399.0,98.7,35.4,47.7,49.2,26.9,74,2
59,117954.0,87.5,26.8,53.5,51.8,65.4,44,2
17,94832.0,111.6,28.5,88.7,85.7,29.1,52,1
14,56028.0,94.7,30.3,92.7,26.5,58.7,174,1
31,40725.0,115.6,36.4,44.3,45.3,60.5,160,2
24,34768.0,116.4,33.7,41.9,97.3,12.2,66,1
99,47791.0,78.3,35.3,84.7,32.2,54.9,360,1
60,135534.0,70.1,33.5,48.0,79.4,1.2,269,2
45,11646.0,119.2,35.3,48.0,48.5,50.1,123,2
98,124331.0,115.3,25.0,41.3,66.5,69.8,181,2
3,52334.0,72.8,39.0,43.0,28.0,7.3,181,2
37,78240.0,111.7,26.7,55.8,44.5,93.9,35,2
43,119173.0,92.9,31.1,43.9,60.1,45.9,211,2
40,132656.0,82.9,36.6,62.1,38.5,93.8,133,2
90,51717.0,113.9,31.5,90.0,63.3,10.7,352,1
55,69277.0,79.8,39.2,59.6,37.6,95.0,177,2
87,62177.0,117.4,32.0,83.7,72.0,10.9,165,1
39,1988.0,80.3,38.1,45.6,92.3,46.1,336,1
15,44391.0,100.7,37.2,79.6,26.8,93.8,328,2
4,68878.0,81.2,39.7,59.0,37.3,23.3,326,2
93,61664.0,97.3,38.9,85.0,87.6,3.5,45,0
86,108289.0,104.2,38.5,48.2,70.5,79.3,155,2
25,57721.0,79.5,36.0,93.9,26.3,59.6,235,2
13,73406.0,96.0,30.5,54.6,58.9,51.4,315,2
82,64441.0,93.5,26.6,61.2,36.8,3.4,59,1
33,111094.0,73.6,35.3,97.0,35.9,65.3,4,1
16,129446.0,110.9,39.7,74.7,95.3,17.2,180,2
42,79783.0,86.8,35.9,61.9,80.9,93.1,144,1
66,118415.0,98.7,38.9,97.0,75.7,68.6,314,2
55,44518.0,95.7,37.1,59.7,39.1,70.7,264,2
99,81205.0,95.7,27.4,45.7,29.5,23.3,222,2
42,51784.0,75.4,28.7,99.8,89.7,88.1,300,2
34,62130.0,91.2,30.1,56.1,20.5,53.8,335,2
30,109862.0,92.6,27.5,91.1,51.0,85.7,236,2
13,132249.0,106.7,33.7,49.9,42.2,27.1,12,2
13,18224.0,112.0,39.6,83.9,65.6,75.5,338,2
18,95196.0,97.2,36.4,71.5,40.0,57.5,267,2
32,87322.0,74.3,31.4,98.9,44.9,4.8,265,1
96,17762.0,81.8,25.1,73.2,88.0,40.5,15,0
99,31784.0,78.2,29.7,41.5,68.3,18.4,91,1
39,46650.0,76.2,32.9,76.2,31.7,35.9,247,1
46,25040.0,88.3,29.9,48.7,78.1,38.3,18,1
29,36559.0,81.5,26.7,87.9,36.6,47.5,359,1
62,40140.0,80.9,31.6,91.4,54.6,60.0,102,1
93,50351.0,72.7,28.8,68.9,71.7,57.1,94,1
62,112409.0,70.9,38.6,87.0,41.8,3.9,282,1
57,85787.0,75.1,26.5,48.7,50.7,75.1,212,2
16,147937.0,78.6,25.7,69.5,78.7,94.9,36,2
56,62210.0,91.5,25.1,63.6,95.0,34.9,60,1
10,113080.0,95.5,29.9,76.7,62.3,18.0,290,2
30,130720.0,77.0,34.9,42.7,20.8,54.0,361,2
25,101847.0,91.2,36.0,85.1,47.1,70.5,302,2
84,61780.0,87.1,31.8,44.7,51.9,67.9,243,2
5,113039.0,79.2,35.3,79.4,47.1,61.2,310,2
65,30550.0,70.3,30.4,41.1,54.9,14.6,343,1
94,49133.0,93.4,35.0,89.9,70.6,83.7,350,1
49,82003.0,104.3,25.6,50.5,29.7,42.6,5,2
3,86311.0,81.3,30.9,70.9,41.8,22.1,305,1
45,3321.0,76.6,36.9,55.7,60.6,8.6,164,1
14,141767.0,114.4,37.0,83.4,45.2,41.7,12,1
30,104494.0,83.8,35.7,59.3,99.3,61.8,24,1
68,74356.0,81.2,28.1,83.5,54.5,66.5,223,2
18,139969.0,112.9,28.7,57.1,89.6,96.3,122,2
62,65864.0,110.9,39.9,85.1,91.7,15.3,128,1
37,147065.0,92.4,26.6,41.8,86.9,98.6,304,2
25,76843.0,94.5,27.7,57.0,23.8,65.5,121,2
48,17143.0,80.9,27.0,69.9,95.8,45.4,34,0
65,114720.0,73.9,29.9,42.7,30.3,88.8,82,2
53,101835.0,98.7,28.2,51.2,22.8,69.4,308,2
79,115948.0,74.9,32.5,96.1,53.1,34.9,181,1
73,142716.0,92.5,32.1,98.6,35.6,88.4,75,2
15,116473.0,117.0,38.5,84.4,34.7,66.7,103,2
49,91700.0,117.6,25.5,55.1,43.0,69.9,231,2
88,128596.0,82.0,29.8,55.6,39.9,89.6,302,2
68,100987.0,101.2,33.9,78.7,74.8,44.8,42,1
12,61218.0,93.7,34.1,47.1,34.9,65.7,92,2
59,132843.0,113.8,32.2,96.9,63.4,74.5,143,2
37,33285.0,83.6,37.2,53.5,98.9,45.4,253,1
61,107196.0,70.2,25.9,100.0,54.6,8.3,77,1
43,132235.0,78.1,37.2,69.7,71.3,77.1,262,2
70,109697.0,87.5,32.4,86.3,97.5,4.8,69,0
39,104591.0,85.8,27.0,40.1,31.0,71.8,148,2
56,112896.0,109.6,38.3,93.3,53.5,91.1,291,2
63,69758.0,104.0,34.7,56.2,88.0,34.7,213,2
46,131126.0,85.0,27.5,80.1,94.6,10.2,359,1
88,30515.0,92.9,25.5,88.4,68.1,23.3,309,1
11,19108.0,74.8,27.1,49.8,31.5,56.2,146,2
62,42826.0,114.9,34.1,66.6,92.1,94.3,24,1
77,79737.0,116.8,27.7,69.6,34.0,51.2,322,2
98,76584.0,119.0,28.4,58.7,48.2,11.3,108,2
25,123090.0,113.4,25.4,68.9,50.0,62.8,180,2
71,60685.0,78.7,35.8,59.1,55.8,73.3,250,2
52,72652.0,72.3,37.2,61.6,83.2,39.3,202,1
4,2005.0,99.0,37.0,80.2,84.2,72.2,303,1
59,61461.0,115.6,26.9,78.0,77.6,32.5,169,2
72,97166.0,78.9,38.5,53.9,21.8,78.9,174,2
20,2326.0,70.4,35.1,93.8,65.2,34.1,346,0
93,42132.0,110.3,38.5,91.8,79.8,25.6,169,1
63,31193.0,73.8,31.7,70.5,55.6,87.9,1,1
54,6298.0,90.7,31.6,66.0,95.6,54.8,133,1
74,71889.0,103.9,36.8,62.6,85.9,28.5,126,1
98,27258.0,81.8,26.4,82.4,71.1,93.5,45,1
57,111462.0,74.2,32.8,80.3,25.0,69.1,193,2
90,127189.0,108.5,37.5,51.8,72.2,22.1,361,2
41,81838.0,101.5,37.5,80.3,92.9,61.5,208,1
3,147256.0,119.4,39.3,55.1,50.4,87.0,295,2
6,67572.0,87.2,35.5,41.1,87.1,69.6,57,1
5,77005.0,73.1,28.1,82.0,45.1,24.5,77,1
5,148383.0,106.7,25.3,78.7,65.6,64.9,201,2
54,34732.0,96.1,32.2,64.6,71.9,61.9,288,1
47,141382.0,80.7,32.7,71.5,74.2,82.1,61,1
87,6426.0,109.1,28.6,96.8,90.6,17.8,267,1
49,66958.0,80.2,26.9,75.7,38.8,70.0,125,2
9,10501.0,83.0,33.8,79.5,41.0,2.7,48,0
99,109385.0,74.6,36.5,43.8,76.3,69.6,87,1
20,91261.0,90.0,39.9,50.0,34.2,96.0,333,2
61,105995.0,90.9,36.4,58.1,57.1,17.4,260,2
35,56172.0,95.7,36.9,72.4,21.6,31.1,178,2
50,55422.0,105.4,34.2,86.6,31.3,58.3,68,2
82,6798.0,115.3,39.8,59.3,74.3,73.2,59,2
62,52492.0,76.9,34.6,61.4,79.8,34.4,301,1
17,139393.0,72.7,37.9,55.4,29.2,66.4,248,2
88,56884.0,70.9,39.2,55.3,38.2,89.9,168,2
3,124705.0,77.2,38.9,96.9,27.9,72.7,268,2
32,126349.0,102.9,30.7,78.1,54.7,71.1,363,2
99,55986.0,106.4,26.2,49.4,30.1,38.2,111,2
13,94798.0,109.3,27.6,83.3,55.0,91.1,99,2
89,14306.0,82.2,25.9,83.3,78.6,27.7,214,1
73,15552.0,85.3,26.6,80.0,74.7,20.5,112,0
68,7299.0,94.2,27.8,48.1,42.4,36.4,96,1
14,87152.0,73.2,30.1,64.5,73.9,65.0,306,1
98,63911.0,100.6,33.2,46.4,94.2,86.2,117,2
11,82205.0,119.2,35.7,89.0,47.8,13.2,35,1
56,78161.0,88.0,28.2,79.3,46.3,81.4,336,2
67,52530.0,107.6,35.1,70.4,65.7,81.3,358,2
92,101621.0,95.0,35.6,60.6,39.6,58.7,289,2
29,113775.0,76.4,33.4,51.1,72.1,76.1,303,2
9,2194.0,99.1,38.6,46.4,86.6,18.2,359,1
67,31086.0,85.0,26.7,98.2,56.7,17.0,346,1
25,106985.0,71.7,27.7,52.0,74.4,86.3,123,2
98,57993.0,101.7,31.4,43.6,72.2,49.8,39,1
76,99373.0,112.9,26.9,97.7,23.1,24.6,140,2
42,52044.0,87.2,33.5,72.9,34.7,68.9,25,1
9,58613.0,89.5,31.0,87.8,91.5,89.2,141,1
79,23802.0,114.6,29.3,42.6,95.1,63.2,351,2
40,38735.0,110.7,27.5,74.0,82.4,34.7,335,2
25,90812.0,105.7,30.0,63.9,93.7,48.3,56,1
5,64974.0,82.4,34.1,86.3,44.5,75.2,149,1
11,116145.0,115.5,33.6,42.3,39.8,6.8,204,2
59,127888.0,77.7,27.5,64.1,50.7,21.7,75,1
98,81247.0,101.3,26.9,87.9,24.4,46.3,284,2
88,113740.0,71.4,25.4,71.4,84.8,60.4,209,2
79,46036.0,102.2,25.2,73.0,98.7,33.9,257,1
38,62246.0,83.9,38.2,45.8,85.9,29.8,258,1
72,106917.0,92.5,25.7,47.9,64.4,4.1,183,2
5,57932.0,87.3,36.0,80.6,43.6,3.3,327,1
48,88276.0,78.6,38.1,80.5,35.8,27.9,10,1
90,27806.0,101.1,26.5,98.7,49.1,53.1,159,1
18,89966.0,114.1,31.5,82.7,73.4,55.6,259,2
70,129227.0,118.0,39.4,69.6,55.8,49.4,87,2
37,130296.0,79.6,37.5,91.4,94.7,41.0,183,1
60,108652.0,105.9,32.3,46.3,88.3,25.2,15,2
48,111863.0,103.2,36.4,67.0,28.2,40.1,243,2
77,83689.0,87.2,37.5,57.2,30.5,13.9,85,1
28,87700.0,71.0,30.2,46.3,74.1,11.5,198,1
69,20048.0,104.5,38.4,85.8,38.5,30.0,9,1
77,66579.0,117.3,32.1,70.6,83.3,99.5,163,2
81,67616.0,101.6,32.9,73.4,67.3,32.6,23,1
40,143775.0,91.8,40.0,64.7,38.4,93.6,63,2
45,64663.0,96.3,37.6,67.6,58.3,39.2,311,2
96,82401.0,80.0,30.4,47.0,52.5,43.9,237,2
62,79988.0,107.5,25.2,80.4,89.9,79.7,344,2
93,95514.0,107.3,34.4,65.9,22.6,9.4,237,2
58,112235.0,77.3,35.6,89.0,91.7,18.2,21,0
67,33756.0,113.9,34.8,51.8,72.2,97.4,179,2
56,79309.0,83.5,39.5,52.3,79.0,50.6,305,2
40,123888.0,119.1,37.9,78.7,20.2,4.4,46,2
98,69467.0,89.1,31.7,90.8,70.3,4.7,278,1
40,41769.0,78.9,25.9,68.3,67.1,90.7,223,2
91,98206.0,87.6,32.1,83.6,63.0,87.3,217,1
77,123565.0,92.0,35.3,100.0,82.9,45.8,236,1
33,9471.0,73.5,34.1,99.4,64.5,16.3,203,0
6,116519.0,98.9,33.1,84.7,88.6,83.0,338,2
88,123247.0,99.9,32.0,84.4,38.6,32.5,18,1
19,69228.0,106.9,29.4,54.9,84.5,41.9,179,2
80,147496.0,71.5,29.2,90.0,34.3,68.2,161,2
40,118006.0,97.1,32.5,64.3,85.0,35.3,284,2
92,116049.0,72.6,27.4,97.7,95.2,62.9,60,1
97,112176.0,105.1,30.1,44.9,46.9,88.5,84,2
59,22591.0,72.8,29.9,66.2,62.4,79.7,34,1
59,32585.0,115.6,33.8,73.4,72.7,38.2,4,1
48,69599.0,105.1,26.0,64.3,26.4,28.8,75,2
41,39601.0,95.4,37.4,52.6,59.5,28.6,252,2
13,62286.0,92.1,33.4,75.6,48.8,34.9,6,1
45,133270.0,76.5,35.1,85.4,89.8,49.4,168,1
89,123649.0,84.5,35.5,78.7,90.1,41.7,129,1
53,94506.0,113.4,29.4,54.1,76.1,13.3,137,2
42,128718.0,115.2,32.1,83.9,72.5,16.3,357,2
63,117566.0,70.0,39.3,55.4,78.7,34.3,299,2
27,64348.0,99.7,36.5,50.5,49.3,56.2,325,2
38,30160.0,106.0,39.5,81.4,52.4,59.3,90,1
60,77130.0,100.9,36.2,90.6,64.3,48.6,162,1
7,110434.0,74.1,27.6,68.9,95.0,73.9,317,2
5,65463.0,80.9,26.0,71.9,77.9,73.7,252,2
45,100016.0,82.5,33.7,58.2,64.1,42.8,200,2
58,14149.0,111.6,30.4,69.7,81.6,12.4,19,1
31,112201.0,93.2,29.1,47.9,49.7,53.0,228,2
23,121907.0,94.3,37.1,97.3,78.4,38.1,162,1
42,106026.0,116.7,30.5,88.0,52.9,13.8,164,2
10,145090.0,101.9,29.8,80.1,42.4,98.2,231,2
32,123998.0,114.9,37.7,72.3,68.8,37.0,327,2
53,135464.0,92.8,37.7,87.5,75.0,62.6,237,1
30,140036.0,77.5,30.3,69.7,56.7,49.0,119,1
39,120202.0,116.5,37.5,58.0,65.2,14.3,350,2
31,101139.0,92.9,37.8,49.6,75.5,5.6,106,1
82,858.0,79.1,31.4,78.9,81.4,62.6,249,1
2,69874.0,85.1,26.0,95.8,91.6,24.7,335,1
78,85674.0,72.5,25.0,49.2,48.4,24.4,283,2
77,45605.0,93.4,32.8,50.8,96.1,95.7,197,2
93,47716.0,112.7,30.2,66.0,71.0,46.2,219,1
12,144174.0,116.7,40.0,88.4,83.0,2.9,150,1
39,133757.0,116.6,36.6,57.6,76.0,34.0,285,2
66,127377.0,76.3,36.4,55.2,36.4,58.4,264,2
96,60902.0,89.1,39.3,77.2,25.7,32.9,219,2
13,2055.0,71.4,38.3,72.1,78.1,2.7,215,1
46,12033.0,112.8,29.8,43.6,60.9,44.4,314,2
27,46829.0,87.9,27.5,44.9,76.2,10.6,155,1
17,2361.0,101.6,36.2,78.6,58.1,61.9,215,2
95,2572.0,105.7,30.7,67.9,45.0,62.0,334,2
98,137490.0,91.5,32.1,98.3,42.8,3.8,358,1
60,105924.0,85.3,34.5,80.7,78.4,29.1,113,1
64,46343.0,118.1,38.6,40.6,42.1,41.4,160,2
88,19897.0,118.2,31.3,68.9,77.2,55.0,302,2
35,76745.0,84.5,36.7,64.9,50.7,29.6,97,1
70,802.0,94.0,29.0,46.4,81.7,28.8,156,1
83,140762.0,118.6,35.5,95.4,31.4,98.3,161,2
30,62222.0,70.2,25.0,88.3,36.4,4.2,41,1
71,60350.0,90.6,38.1,53.8,74.9,98.9,179,2
74,58589.0,75.0,25.5,55.4,64.8,4.8,302,2
96,10399.0,95.5,35.7,41.9,36.3,28.8,329,2
98,95748.0,71.2,25.7,57.8,92.2,49.4,50,1
63,109951.0,90.3,29.0,75.1,42.1,14.3,251,2
28,101419.0,81.0,32.5,65.3,53.7,13.5,349,2
60,20765.0,96.7,31.3,98.2,36.2,25.6,119,1
79,86826.0,119.8,27.9,43.4,51.0,97.4,74,2
94,85423.0,110.0,30.0,75.5,59.3,38.0,161,2
37,130262.0,112.3,35.9,91.5,43.6,56.6,148,2
93,56869.0,101.8,35.0,68.8,81.5,70.4,122,2
22,55723.0,72.1,26.1,40.2,51.5,74.2,140,2
68,92779.0,80.3,36.2,54.6,78.4,68.8,181,2
20,94961.0,116.3,25.8,59.4,36.6,33.7,276,2
96,70393.0,88.3,33.1,98.0,50.2,11.2,256,1
68,66459.0,75.2,28.9,94.7,20.6,28.2,324,2
91,74122.0,105.1,33.8,97.0,80.7,21.0,244,1
64,129157.0,85.0,28.9,89.5,70.1,13.6,85,1
17,69175.0,83.4,39.8,61.1,85.4,2.4,70,0
12,140990.0,119.9,29.6,94.4,56.4,93.6,268,2
22,75601.0,112.9,28.6,98.9,84.0,92.1,179,2
17,142380.0,90.4,29.2,61.0,71.8,5.0,278,2
10,124925.0,119.0,38.4,55.6,20.3,17.3,148,2
65,54365.0,102.5,34.5,72.8,40.3,14.0,5,1
22,129546.0,107.1,36.0,51.2,59.5,28.1,147,2
90,16509.0,71.6,38.8,42.0,69.5,20.4,331,1
82,138757.0,76.1,38.7,96.7,25.2,94.6,167,2
50,94747.0,101.7,36.1,95.5,76.4,8.4,8,0
14,8159.0,115.0,28.0,49.8,63.5,21.2,177,2
64,96639.0,101.2,37.7,64.5,62.1,8.1,283,1
47,146137.0,76.7,28.1,89.9,43.4,98.0,115,2
29,10470.0,75.8,36.1,79.7,67.6,91.8,95,1
76,83203.0,112.2,35.3,63.7,22.2,71.7,330,2
36,112169.0,77.0,36.4,84.7,25.2,42.6,343,2
99,121539.0,96.0,33.0,93.8,78.7,19.0,55,1
52,62074.0,71.9,34.6,95.6,45.8,22.1,206,1
76,30625.0,74.0,39.3,62.7,47.8,44.3,104,1
7,6351.0,103.6,26.5,50.4,36.7,76.8,34,2
29,86959.0,104.5,29.6,94.8,55.6,26.5,208,2
11,67937.0,87.1,34.2,45.6,24.2,31.1,280,2
33,142312.0,80.8,39.5,83.3,44.0,60.0,354,2
6,9091.0,110.7,26.4,48.4,62.2,23.8,146,2
79,102809.0,80.9,25.3,63.4,57.3,58.4,286,2
32,3745.0,97.1,25.8,64.7,100.0,38.7,80,1
51,25715.0,118.4,25.8,49.5,51.1,3.4,49,2
75,68037.0,77.4,38.6,95.4,51.0,40.3,86,0
58,68231.0,117.0,35.8,40.2,60.3,92.0,190,2
87,102855.0,79.1,35.2,93.6,35.2,29.3,302,2
26,136532.0,98.4,32.8,93.0,90.1,32.3,0,1
98,95855.0,88.9,36.7,59.0,65.8,6.6,137,1
46,143030.0,118.2,27.3,82.3,35.4,61.5,135,2
98,132242.0,83.7,30.9,55.2,83.5,84.9,361,2
29,87675.0,90.0,32.4,85.5,22.7,35.3,153,1
4,125069.0,119.1,26.7,73.7,98.6,24.0,161,2
81,96387.0,96.8,31.3,58.0,89.2,95.7,18,2
99,11784.0,95.1,29.7,64.0,66.4,74.5,327,2
13,111085.0,82.9,25.5,81.4,28.9,56.7,242,2
39,14236.0,105.1,27.1,94.4,37.2,30.6,128,2
15,89112.0,70.7,36.5,47.8,42.4,22.1,175,1
29,105396.0,72.5,25.3,74.3,39.3,71.6,279,2
29,9979.0,100.0,39.0,55.2,59.8,52.2,83,1
75,34619.0,87.1,26.3,88.1,95.6,52.1,221,1
32,137351.0,117.7,37.0,44.2,55.5,7.4,324,2
2,92447.0,115.2,38.5,81.3,72.9,51.2,144,1
47,36943.0,105.7,39.1,50.5,75.1,82.3,105,2
78,103602.0,110.9,38.0,75.8,89.7,94.7,324,2
84,89516.0,103.4,29.3,90.1,22.7,10.7,10,1
22,75236.0,76.3,30.0,85.3,52.3,63.1,165,1
75,146428.0,108.3,31.4,85.2,82.8,56.8,195,2
27,102518.0,80.5,27.1,71.1,85.2,89.0,230,2
67,56316.0,86.2,25.3,93.4,94.2,75.1,146,1
81,120011.0,111.0,38.0,75.3,76.2,96.5,358,2
56,132687.0,96.8,33.3,95.1,39.6,96.0,237,2
92,18783.0,113.0,34.1,72.8,60.5,22.6,12,1
93,30083.0,80.7,38.9,70.4,22.6,72.5,218,2
21,32434.0,100.4,35.0,53.3,71.8,53.1,256,2
47,103682.0,74.2,35.4,72.7,64.3,21.5,1,1
80,90456.0,102.2,36.8,48.4,73.3,19.5,209,2
59,92849.0,108.1,26.7,92.2,94.4,8.1,364,2
84,141116.0,99.2,30.4,80.6,75.0,79.6,224,2
6,116387.0,83.3,39.5,99.6,45.6,32.5,193,1
19,19191.0,71.6,38.8,45.5,35.9,85.7,195,2
57,52126.0,76.0,38.3,54.4,88.4,60.8,259,2
69,65309.0,101.1,31.8,92.6,35.5,67.4,56,1
3,59394.0,116.7,37.9,63.7,32.9,29.2,112,2
1,100396.0,80.3,25.7,68.0,36.5,45.7,212,2
58,133784.0,106.8,27.2,91.6,60.7,41.2,278,2
38,45908.0,113.3,31.2,71.3,29.9,23.6,243,2
15,82782.0,96.0,32.3,51.6,95.0,83.3,116,2
34,118411.0,103.5,29.0,93.5,97.3,62.2,86,1
61,62433.0,110.8,30.3,41.9,97.9,3.7,262,2
35,25218.0,83.0,27.4,93.7,23.1,82.0,299,2
64,71243.0,84.8,32.3,43.0,95.7,10.6,112,1
25,8283.0,70.0,36.9,80.0,99.8,40.4,163,0
24,141358.0,118.2,34.9,44.3,95.4,57.1,3,2
12,11223.0,115.9,26.6,82.4,73.7,0.8,117,1
18,65769.0,108.2,32.3,42.0,76.1,65.3,22,2
15,79482.0,74.0,35.5,90.5,29.8,66.0,232,2
80,147796.0,92.4,32.9,68.0,89.9,65.3,89,1
27,24903.0,75.1,30.9,45.6,24.8,16.3,254,2
72,17165.0,70.8,34.3,82.4,45.4,25.6,91,0
60,1306.0,100.8,39.5,69.4,99.3,24.7,154,1
46,23336.0,118.0,26.4,51.5,53.8,96.0,306,2
89,31091.0,115.1,30.9,40.9,30.5,6.8,114,2
17,94587.0,104.8,31.1,65.1,97.5,42.9,206,1
93,32956.0,74.8,33.7,45.1,98.7,87.1,80,1
53,3078.0,83.7,27.3,45.7,35.0,76.9,102,2
8,123993.0,86.0,27.6,56.0,89.2,82.2,79,2
79,54839.0,108.2,29.3,77.8,51.2,97.2,102,2
27,53055.0,110.1,39.3,71.8,50.5,38.7,239,2
46,45372.0,89.3,36.0,44.1,41.0,31.0,264,1
50,146306.0,90.9,34.9,98.1,23.6,3.1,32,1
71,25517.0,72.2,37.3,93.2,41.4,15.0,34,0
3,134736.0,84.5,26.9,55.6,24.3,56.2,248,2
93,116520.0,92.6,37.9,47.3,93.9,15.8,49,1
64,11472.0,75.8,33.9,96.5,72.9,73.6,279,1
44,148009.0,92.7,30.0,67.7,90.9,3.7,241,1
53,40705.0,112.7,37.2,58.7,77.4,25.9,151,1
24,14787.0,99.1,37.0,69.4,30.5,69.5,146,2
60,124397.0,73.9,37.7,86.4,95.2,25.6,38,0
3,106001.0,79.6,26.7,50.1,92.0,72.9,188,2
20,92583.0,93.7,39.5,86.0,47.8,99.6,24,1
46,23397.0,88.1,39.4,85.0,28.9,79.7,243,2
15,71774.0,87.9,30.4,72.4,76.3,34.2,222,1
25,117083.0,96.5,26.0,92.0,78.3,90.1,229,2
94,45544.0,99.2,27.5,47.9,91.7,5.1,152,1
78,46753.0,109.8,39.9,75.7,24.2,72.5,287,2
71,471.0,87.0,33.4,67.0,31.3,2.3,107,1
17,26137.0,110.3,30.3,65.3,67.9,17.5,32,1
84,131311.0,86.9,29.3,55.2,69.5,98.8,362,2
9,66262.0,72.8,28.9,62.3,22.7,36.1,110,2
38,147635.0,97.7,35.0,46.5,51.8,82.0,120,2
48,59356.0,99.4,31.3,55.1,66.7,37.6,15,1
60,107278.0,116.7,39.5,56.3,79.0,84.0,226,2
63,42288.0,106.3,35.3,83.2,45.3,96.5,10,1
86,54571.0,115.9,36.9,42.9,58.7,43.6,202,2
2,28609.0,115.4,29.4,79.1,85.1,55.9,201,2
88,52059.0,100.2,26.2,53.3,96.3,62.9,97,2
72,82086.0,96.4,32.3,44.9,38.4,93.5,115,2
11,148766.0,97.9,29.7,58.0,40.2,25.7,280,2
64,99630.0,118.9,28.0,53.5,95.2,61.1,348,2
77,29887.0,108.7,39.3,73.1,51.7,32.5,231,2
81,6744.0,75.3,31.7,61.4,77.5,21.7,110,0
72,18953.0,108.9,27.6,98.0,69.0,8.5,351,1
21,84383.0,78.5,28.0,97.8,42.8,62.1,11,1
18,114774.0,92.4,29.2,66.6,72.3,88.2,20,2
94,141063.0,80.5,40.0,87.7,72.4,35.1,126,1
64,2373.0,104.5,29.0,40.8,67.4,55.3,284,2
82,78414.0,113.9,29.9,72.9,28.0,64.2,120,2
95,70630.0,84.5,34.9,84.6,99.6,41.5,123,0
38,98408.0,74.1,29.4,53.0,52.0,90.3,32,2
32,83937.0,84.9,28.2,43.7,71.1,36.3,169,1
11,103056.0,103.6,27.4,49.4,90.9,12.5,76,2
45,98712.0,86.4,29.7,66.5,53.9,14.4,296,2
89,17552.0,83.9,26.6,70.4,81.9,89.1,329,2
33,119958.0,79.2,25.3,62.9,97.7,98.8,62,2
41,18485.0,94.9,37.1,66.4,48.7,28.9,269,1
8,104780.0,83.8,27.1,68.2,52.4,14.4,215,2
11,62422.0,106.6,36.6,86.2,92.4,48.2,189,1
86,77078.0,73.8,37.0,46.3,32.8,71.0,74,2
51,135495.0,103.2,33.1,86.1,22.3,61.2,173,2
88,133483.0,81.9,29.6,81.3,92.7,95.1,66,1
41,122678.0,94.5,27.2,84.5,85.7,81.8,92,2
17,76522.0,84.3,36.1,84.1,97.8,86.9,52,1
76,110436.0,106.1,34.0,68.2,24.7,54.2,93,2
46,76935.0,117.3,34.8,52.7,32.5,32.7,112,2
32,130441.0,115.9,25.1,72.2,28.4,70.2,228,2
79,60416.0,99.2,38.9,97.5,74.7,43.9,249,1
80,145535.0,93.1,26.0,75.3,68.5,28.8,208,2
54,139848.0,110.9,30.5,40.7,48.7,15.2,181,2
86,111240.0,104.2,31.0,43.6,24.6,52.8,266,2
92,41912.0,79.2,25.0,99.6,71.2,59.4,280,1
20,19748.0,111.0,32.5,44.3,65.6,56.9,154,2
33,128206.0,91.4,36.3,42.8,29.0,11.7,82,2
74,24795.0,79.4,37.3,61.2,92.7,57.0,185,1
40,128139.0,84.1,38.2,98.2,35.9,16.8,348,2
32,73615.0,83.4,32.3,59.1,79.5,66.4,138,1
97,60984.0,96.0,34.5,64.6,90.8,42.9,54,1
2,135479.0,81.7,26.2,78.0,66.4,84.9,18,2
97,90578.0,76.2,32.3,41.4,39.7,77.8,347,2
33,86492.0,76.2,27.3,93.9,44.7,72.4,345,2
77,83815.0,99.2,30.5,71.2,90.9,70.1,266,2
30,55675.0,106.7,29.9,68.0,43.9,56.0,141,2
33,117846.0,86.1,31.4,91.6,79.7,6.1,315,1
77,37920.0,71.7,33.6,97.2,99.2,65.5,163,0
26,140834.0,76.4,38.5,65.4,100.0,46.7,251,1
22,134098.0,115.7,30.9,50.3,62.7,47.0,231,2
66,50622.0,94.7,39.7,88.9,86.1,37.9,296,1
38,109420.0,92.7,36.4,64.2,99.2,92.9,362,2
90,85983.0,71.9,32.7,96.1,50.0,24.9,59,0
46,50647.0,106.4,34.7,97.0,40.2,31.7,21,1
15,148278.0,96.4,26.5,46.9,29.1,96.3,125,2
98,3786.0,80.1,37.7,97.4,31.3,81.0,102,1
44,37897.0,75.5,33.7,62.1,88.3,1.4,220,1
49,78011.0,89.2,39.8,78.8,67.1,90.6,109,1
75,78293.0,111.9,34.5,42.1,89.9,22.7,57,1
61,88340.0,113.3,37.5,93.3,83.2,70.6,64,1
67,112751.0,100.1,37.0,78.5,73.9,55.3,57,1
6,93522.0,106.4,30.2,78.6,68.7,53.7,157,2
9,90042.0,75.8,28.9,94.1,23.9,71.8,75,2
6,8027.0,99.4,31.5,70.5,89.8,20.7,18,0
73,56480.0,103.3,32.0,64.6,53.4,15.9,189,2
95,34808.0,80.0,28.6,92.0,64.8,65.2,249,1
32,39806.0,114.0,38.4,84.5,21.8,29.1,359,2
41,83151.0,79.7,33.1,96.9,94.9,97.4,362,1
76,29926.0,85.7,39.7,96.4,92.2,45.2,78,0
8,44092.0,101.0,37.2,62.9,63.5,11.2,83,0
72,35563.0,101.9,33.3,66.8,66.2,68.6,171,1
50,142275.0,105.0,39.2,55.4,76.4,30.6,211,2
92,141700.0,75.6,32.6,79.6,41.2,14.9,148,1
62,91491.0,112.5,38.3,61.9,37.8,42.3,9,2
84,138678.0,96.6,30.4,87.2,73.9,96.4,29,1
62,117872.0,93.6,30.7,47.3,28.4,41.1,279,2
7,88492.0,119.1,31.3,47.0,56.3,34.7,54,2
75,965.0,107.0,33.2,52.3,59.4,44.5,359,2
84,115877.0,75.9,33.3,45.1,50.5,1.2,126,2
80,105373.0,107.8,32.4,77.2,34.8,13.3,179,2
4,92288.0,74.8,29.6,48.8,48.4,85.0,231,2
6,114064.0,71.4,38.9,49.6,47.0,97.8,92,2
58,76938.0,90.2,33.8,40.9,59.9,15.8,7,1
22,105612.0,119.7,31.1,86.9,74.0,53.6,246,2
26,140276.0,78.7,34.8,88.7,97.5,96.6,330,2
3,56371.0,103.6,36.5,49.7,31.5,15.7,195,2
41,106218.0,78.7,39.4,84.4,89.8,18.6,162,1
60,71353.0,106.2,32.5,66.0,42.7,92.7,39,2
14,101160.0,95.3,26.7,54.4,67.3,70.6,253,2
75,114434.0,104.0,31.6,77.3,63.7,15.2,84,1
82,6818.0,80.1,32.2,50.7,64.6,39.3,271,1
12,96990.0,107.3,38.5,85.4,77.9,5.6,77,1
87,34011.0,119.8,30.9,42.9,50.5,43.3,212,2
12,100505.0,103.3,39.3,97.5,45.5,77.8,303,2
13,70250.0,94.7,32.3,44.3,88.2,55.4,254,2
25,116033.0,116.2,39.6,74.8,37.6,64.7,90,2
45,18510.0,70.8,25.1,94.1,34.4,32.7,192,1
19,93948.0,106.5,38.5,40.7,21.2,16.1,252,2
55,41771.0,114.4,39.0,69.9,36.8,1.3,277,2
45,127947.0,73.1,39.4,61.0,61.5,82.1,142,2
8,139258.0,92.5,25.2,74.8,63.1,63.7,243,2
93,149460.0,80.2,27.6,53.5,40.4,22.9,211,2
53,119401.0,98.3,34.8,43.9,25.8,41.8,194,2
55,113060.0,102.5,25.4,77.6,79.6,80.1,269,2
32,32325.0,85.1,26.0,65.0,80.6,53.9,328,1
51,50401.0,93.0,28.3,77.3,99.8,30.0,18,1
44,69852.0,84.0,32.7,52.6,92.0,26.7,39,1
82,116007.0,88.5,33.2,60.3,94.1,21.8,97,1
70,137245.0,78.0,25.5,73.7,83.9,82.4,3,2
18,28371.0,114.3,27.6,75.6,69.2,58.2,32,1
83,138355.0,70.5,32.5,62.3,30.3,70.9,298,2
22,104344.0,114.1,33.9,56.8,69.8,86.0,164,2
37,91616.0,98.6,27.2,56.4,24.5,98.7,26,2
96,29976.0,86.6,31.0,50.5,90.8,24.9,172,1
56,8329.0,106.2,38.6,59.5,58.5,18.1,336,2
59,85270.0,95.4,40.0,52.0,75.8,46.2,112,1
3,97727.0,95.0,39.8,78.0,24.2,3.5,94,1
28,31617.0,75.5,38.2,74.1,62.7,79.2,318,1
74,83468.0,89.5,30.9,63.0,44.1,88.4,232,2
35,128474.0,82.1,35.3,59.5,42.8,68.6,133,2
61,125260.0,70.8,31.2,54.3,51.2,26.8,123,2
93,139103.0,88.0,34.7,72.1,20.1,12.3,350,2
54,54883.0,74.5,29.6,95.1,57.3,38.2,322,1
63,47707.0,82.8,34.1,81.1,58.9,83.3,352,1
79,112414.0,74.6,32.9,84.7,89.1,34.8,115,1
97,64667.0,75.0,25.4,90.1,55.9,3.4,12,1
7,13132.0,80.0,36.9,61.1,49.1,27.4,319,1
76,42420.0,120.0,25.2,43.8,99.6,99.0,164,2
49,62787.0,70.1,29.4,77.4,65.7,67.7,207,2
94,43877.0,101.9,25.1,51.3,57.8,90.1,84,2
85,49831.0,77.1,30.6,74.1,59.7,77.5,247,2
31,44066.0,116.0,25.9,84.4,84.7,54.0,55,1
58,6225.0,74.7,38.7,87.0,47.3,14.9,171,0
61,95564.0,117.8,31.2,58.1,51.1,34.9,140,2
24,89594.0,100.5,31.9,70.7,80.5,58.4,131,1
20,98008.0,70.1,30.2,77.3,25.8,87.1,200,2
37,28846.0,114.7,34.4,89.2,89.2,26.9,288,1
4,44348.0,96.1,36.8,85.7,54.4,12.1,308,1
92,92942.0,83.1,34.7,99.3,66.5,55.9,356,1
20,89944.0,108.4,36.2,40.5,80.6,17.7,344,2
60,75950.0,116.3,38.6,66.2,41.3,61.0,178,2
24,52562.0,94.2,38.0,55.4,91.2,26.4,28,1
50,136940.0,85.8,35.1,47.2,98.3,23.1,306,2
49,50966.0,109.4,28.2,94.7,59.5,39.9,305,2
51,68343.0,104.1,34.6,99.9,95.0,59.3,35,1
96,101717.0,114.4,32.6,50.8,20.1,54.5,108,2
36,81453.0,104.6,35.8,42.3,91.5,24.5,315,2
98,52033.0,82.2,37.5,56.5,44.9,89.1,145,2
66,65347.0,116.6,36.1,90.1,44.9,11.0,275,2
79,119172.0,75.2,37.7,57.6,38.2,3.9,145,2
34,41719.0,83.4,26.0,43.4,45.4,60.3,167,2
36,21338.0,96.0,25.5,43.1,37.1,12.3,256,2
6,46974.0,98.3,28.9,65.6,92.5,50.5,274,2
39,127430.0,70.8,38.5,95.9,91.9,95.2,86,1
42,13348.0,109.0,37.4,57.2,28.2,69.9,153,2
58,148754.0,88.1,35.2,65.6,31.4,61.7,284,2
12,81150.0,90.3,35.5,46.1,89.0,57.5,314,2
3,147727.0,110.5,35.9,69.6,51.9,18.0,318,2
18,140849.0,89.0,39.1,81.8,33.5,43.3,97,1
40,67922.0,72.4,37.5,56.3,60.9,34.3,210,1
21,29774.0,78.8,34.4,57.8,53.3,95.3,47,1
15,24733.0,117.8,35.0,90.5,37.5,24.2,317,2
97,35998.0,73.5,28.2,40.6,77.7,47.2,273,1
99,106520.0,87.7,34.9,78.2,70.5,93.8,193,2
26,40942.0,95.2,31.4,63.6,28.0,78.9,251,2
8,51214.0,94.7,27.3,57.9,94.0,96.5,282,2
94,67317.0,70.2,37.1,79.5,64.7,60.8,261,1
87,136985.0,95.1,32.7,90.1,40.0,33.4,261,2
42,28409.0,89.2,39.7,73.5,36.5,82.7,30,1
44,754.0,118.6,29.2,41.9,30.9,29.1,104,2
14,9014.0,78.0,32.2,67.7,54.0,16.5,349,1
78,135715.0,87.7,31.7,67.8,30.8,70.6,311,2
2,97127.0,91.0,26.8,72.6,53.3,63.9,168,2
37,40956.0,89.5,31.4,80.3,31.9,87.9,235,2
69,26579.0,103.3,29.3,41.2,72.5,96.2,273,2
38,44140.0,80.8,27.4,70.1,82.8,85.7,342,2
41,17220.0,81.1,29.2,75.3,64.0,6.0,229,1
62,141230.0,106.5,28.5,60.6,74.4,66.5,22,2
60,117631.0,95.0,36.0,80.1,95.1,78.5,163,1
14,69359.0,90.8,25.5,53.7,71.1,98.2,280,2
89,129744.0,78.5,34.3,59.0,49.1,37.5,6,1
84,37419.0,79.4,36.4,97.8,56.0,17.0,209,1
2,107568.0,70.5,32.2,60.9,88.8,85.3,252,2
70,128420.0,74.6,39.0,60.8,30.5,31.7,132,2
17,53515.0,97.8,35.6,75.7,46.1,59.8,273,2
89,113620.0,114.6,36.2,98.3,66.2,39.0,105,1
28,44261.0,84.4,28.0,99.0,74.1,40.2,231,1
66,44829.0,86.4,36.7,74.8,81.1,73.2,32,1
35,16059.0,75.8,37.5,40.1,45.5,36.1,78,1
5,66009.0,89.4,30.4,94.0,31.7,69.3,34,1
65,109457.0,71.9,28.2,74.2,96.4,1.4,109,1
40,141033.0,115.9,30.8,62.0,26.1,32.5,320,2
76,90570.0,103.7,36.1,89.8,27.7,31.9,62,1
56,129470.0,119.5,31.3,64.0,59.6,74.9,327,2
36,123374.0,114.1,36.0,42.0,85.5,31.5,296,2
45,26001.0,93.6,26.7,89.3,82.0,63.3,177,1
23,72873.0,96.0,37.1,72.8,95.0,68.9,363,2
47,17539.0,79.5,28.8,60.3,31.3,65.8,231,2
31,102323.0,93.1,28.7,55.1,50.1,60.3,103,2
11,142485.0,115.2,33.9,75.6,42.6,41.4,293,2
10,20563.0,72.5,26.1,52.5,88.9,37.3,34,1
67,110082.0,113.2,25.4,59.4,59.1,56.5,193,2
14,94836.0,87.0,28.9,78.2,22.1,6.4,173,2
80,87541.0,115.0,33.1,92.9,76.6,87.6,101,2
74,58518.0,117.0,38.6,72.0,51.1,82.5,323,2
93,53270.0,103.5,37.7,85.5,62.5,34.6,292,1
10,6787.0,103.2,32.4,85.8,91.5,56.7,84,0
76,32686.0,92.6,25.6,79.9,40.5,93.2,200,2
94,2277.0,111.8,33.0,54.8,39.2,27.2,172,2
1,87213.0,118.1,35.6,92.0,41.1,74.2,28,2
5,15878.0,108.8,30.1,66.2,47.0,8.3,296,2
20,130953.0,101.1,26.7,42.7,28.6,52.3,55,2
8,78471.0,100.3,29.2,54.7,75.8,88.4,15,2
43,104953.0,112.5,36.6,85.9,36.6,55.2,139,2
76,61629.0,97.1,30.3,44.1,94.1,61.6,65,1
1,84087.0,110.2,37.2,48.8,37.3,90.8,146,2
57,141399.0,95.4,29.8,81.7,40.5,71.5,157,2
64,12410.0,73.1,27.5,93.6,43.8,69.6,68,1
84,38091.0,89.2,31.5,78.0,81.5,58.6,22,0
28,116998.0,92.2,31.8,53.3,54.2,63.3,189,2
37,14811.0,77.1,25.2,43.2,85.5,80.4,247,2
47,11349.0,75.1,26.8,76.9,82.8,97.9,308,2
76,54231.0,96.8,27.8,42.8,94.4,79.5,144,2
37,13825.0,74.3,26.7,76.8,80.5,70.8,304,2
49,87762.0,85.1,30.1,53.5,24.2,13.6,176,2
44,33941.0,107.2,39.5,94.3,87.0,81.7,194,2
56,134355.0,118.2,32.6,68.5,95.0,73.6,12,2
28,117525.0,105.9,34.4,53.4,99.5,77.0,363,2
79,104956.0,119.6,30.3,91.2,30.0,23.1,165,2
6,92542.0,104.9,29.9,55.2,69.1,90.3,149,2
61,129520.0,84.7,25.3,58.4,36.0,9.7,340,2
20,33459.0,103.6,32.5,90.1,41.0,25.4,44,0
78,130966.0,105.1,32.3,58.5,79.6,66.3,173,2
2,118424.0,88.6,27.4,64.6,98.2,67.4,166,2
73,112224.0,70.9,36.5,60.9,67.6,31.3,196,1
37,84188.0,105.2,32.4,47.0,88.0,70.2,205,2
20,36937.0,71.1,30.1,42.3,20.7,38.8,81,1
26,63532.0,101.6,27.2,83.5,22.9,0.0,67,1
29,119036.0,78.2,33.3,78.7,67.7,16.3,96,1
1,4767.0,98.3,36.3,56.9,51.1,88.3,166,2
35,117308.0,95.2,29.2,57.7,91.2,22.3,76,2
70,36011.0,70.7,28.3,96.7,44.2,11.3,236,1
59,21646.0,88.1,32.8,99.3,54.6,68.2,195,1
69,17355.0,100.1,27.3,68.4,62.2,44.1,290,1
33,4088.0,112.4,35.0,88.1,41.8,79.7,135,2
51,78538.0,114.4,34.1,84.2,92.7,86.1,307,2
78,32739.0,94.2,26.3,57.8,57.2,84.6,295,2
12,148415.0,106.4,25.5,43.5,53.9,31.3,35,2
20,86166.0,85.8,34.3,48.6,88.0,50.6,247,2
53,20683.0,87.1,29.4,90.3,45.0,65.0,253,1
88,103314.0,79.7,26.3,83.9,85.4,32.2,213,1
43,134662.0,98.1,36.4,79.9,29.8,4.1,251,2
98,111777.0,85.7,29.7,47.8,34.6,49.6,69,2
89,11466.0,74.2,31.9,78.4,96.1,1.3,233,1
50,134383.0,104.3,28.6,86.3,87.4,95.1,328,2
29,119089.0,105.4,34.4,91.6,51.0,79.7,15,2
57,23746.0,88.0,29.5,40.8,71.1,19.2,173,1
39,7768.0,73.8,39.5,81.1,95.4,28.8,186,0
95,83597.0,91.3,35.5,41.1,36.9,98.3,293,2
56,23405.0,92.1,27.1,82.4,24.7,37.4,224,1
43,125189.0,103.4,31.3,78.1,63.0,78.4,273,2
50,53750.0,85.8,30.8,48.9,31.4,44.7,11,1
23,136934.0,104.1,33.0,86.0,35.0,86.4,309,2
44,84853.0,113.6,37.6,44.1,91.3,70.4,218,2
38,27401.0,81.9,33.8,89.6,20.6,2.3,0,0
84,20940.0,118.9,25.9,55.7,85.3,29.4,110,2
23,86471.0,89.3,34.8,81.3,61.4,55.8,276,1
45,114283.0,83.4,25.1,95.4,64.7,92.6,128,2
52,117226.0,91.1,36.7,60.4,73.7,10.2,92,1
80,41364.0,74.7,35.0,70.2,54.5,60.1,38,1
50,30637.0,76.3,29.6,67.8,29.2,30.2,315,2
8,2513.0,90.7,29.4,49.5,28.2,88.9,158,2
85,101880.0,108.1,37.0,75.4,80.3,76.5,185,2
1,11485.0,115.0,36.8,84.6,37.7,37.0,352,2
8,63114.0,103.2,30.3,95.0,22.2,16.7,255,2
29,90252.0,75.3,29.5,91.0,98.4,1.1,238,1
96,140566.0,103.6,33.4,70.6,98.4,62.1,103,2
5,46770.0,101.8,25.1,83.1,50.3,40.6,28,1
86,37466.0,110.3,26.2,88.0,22.0,31.5,88,1
47,98124.0,111.3,26.9,69.6,78.2,98.6,50,2
34,92886.0,113.4,27.8,46.9,86.5,46.6,363,2
65,49816.0,90.7,32.7,66.3,30.0,75.0,146,2
55,139215.0,104.9,39.9,90.5,30.8,17.7,313,2
90,126729.0,83.4,34.8,75.8,85.8,1.3,35,1
43,33597.0,120.0,25.9,83.5,93.8,41.8,283,1
74,35871.0,78.8,32.9,51.1,83.3,66.6,100,1
30,76845.0,70.5,32.4,97.9,36.1,50.7,106,1
82,116036.0,77.4,27.2,64.2,52.9,89.0,344,2
17,6606.0,108.8,38.8,79.2,68.1,43.4,290,1
26,104000.0,92.3,31.6,41.1,32.8,31.1,348,2
8,97235.0,92.4,39.9,47.6,36.8,91.6,104,2
47,34722.0,117.8,31.3,86.9,42.6,40.7,220,1
76,102203.0,116.0,34.1,98.1,60.8,27.0,75,1
91,141027.0,85.6,26.6,59.2,60.9,9.8,226,2
72,7018.0,80.5,31.8,42.2,85.1,79.3,83,1
89,47948.0,112.4,28.6,61.7,80.2,82.5,75,2
46,65727.0,115.3,37.5,41.0,93.1,3.3,248,2
68,134889.0,97.1,36.8,51.5,86.6,35.9,254,2
33,144339.0,101.5,37.4,85.1,40.3,75.0,49,2
1,66617.0,82.8,35.9,96.2,46.5,94.6,355,2
19,112504.0,110.0,37.5,45.2,60.0,37.8,209,2
31,79749.0,101.6,28.0,73.5,21.1,87.2,157,2
80,80667.0,95.2,31.8,55.2,92.3,39.4,327,2
14,41715.0,73.0,35.4,48.3,23.5,17.9,232,2
53,32543.0,115.8,34.6,53.1,45.8,0.3,76,1
48,43201.0,100.8,35.7,74.7,65.5,33.0,222,1
69,83449.0,79.6,28.4,43.9,61.4,37.8,120,1
90,4373.0,100.3,26.5,66.1,72.4,94.5,309,2
62,136087.0,103.9,38.8,48.1,62.2,20.6,326,2
92,23443.0,96.3,33.4,56.4,38.3,38.2,340,2
66,33013.0,105.9,27.3,51.4,36.1,2.5,357,2
64,77741.0,99.1,36.9,93.0,92.6,76.4,106,1
70,106517.0,117.4,38.7,82.5,41.1,91.5,240,2
63,14359.0,72.7,27.5,92.1,42.5,23.8,27,0
73,47654.0,75.3,37.3,63.0,53.0,42.9,191,1
33,145301.0,78.7,39.0,58.8,31.2,12.2,248,2
41,39351.0,104.5,39.1,62.8,60.6,45.7,363,1
89,46958.0,102.3,38.7,41.1,73.2,13.3,212,1
48,125475.0,114.6,33.2,83.5,82.9,52.3,20,1
13,7532.0,106.6,30.3,61.0,76.9,73.5,154,2
73,69692.0,95.4,25.1,58.8,31.8,55.3,26,2
77,56943.0,119.6,25.9,75.9,56.5,24.5,76,2
31,47488.0,83.3,31.4,66.2,23.1,35.4,305,1
75,42855.0,111.7,31.0,98.9,21.4,63.9,56,1
68,13706.0,91.3,27.8,61.4,55.2,59.0,118,1
98,47224.0,102.4,30.9,76.8,40.2,13.7,164,1
4,6458.0,106.4,27.6,58.7,74.7,84.5,63,2
19,117145.0,101.7,37.7,99.4,77.9,47.5,47,1
70,59734.0,77.0,29.5,66.7,91.6,16.2,149,1
98,66586.0,92.1,34.0,78.0,80.9,12.3,157,1
82,134039.0,98.1,32.5,47.6,23.9,96.6,155,2
13,98708.0,112.5,25.8,84.0,49.7,28.2,150,2
23,1209.0,92.2,39.1,56.2,41.8,90.9,224,2
83,141476.0,115.9,32.9,66.9,50.9,41.1,259,2
75,35572.0,92.0,29.9,93.0,32.8,38.6,255,1
1,16142.0,97.4,27.4,98.2,27.8,70.1,60,2
88,115219.0,109.8,30.1,65.5,61.7,1.0,351,2
54,75072.0,99.2,25.3,90.1,77.6,33.8,259,1
71,65066.0,118.0,30.5,43.2,76.2,30.3,320,2
89,37425.0,103.0,33.0,90.9,56.1,86.8,161,1
85,82121.0,96.1,38.1,77.8,61.8,52.9,348,2
15,41158.0,71.2,35.3,69.3,61.3,36.5,30,0
65,135237.0,90.7,26.7,93.4,75.3,26.6,70,1
76,32281.0,85.0,27.2,90.7,23.8,59.1,1,1
71,132653.0,107.4,31.4,57.8,76.8,15.2,49,2
15,83911.0,80.4,27.9,87.5,66.6,24.6,134,1
21,124273.0,80.3,25.4,46.0,35.8,29.4,145,2
19,106927.0,79.5,37.1,89.4,23.9,60.8,178,2
60,104504.0,76.3,25.3,80.5,28.7,37.3,263,2
93,48652.0,85.6,37.5,45.3,62.0,50.6,310,1
89,35085.0,114.3,27.2,81.0,80.7,65.0,203,2
33,31633.0,108.7,39.6,74.8,46.8,95.6,298,2
49,128579.0,106.8,34.1,75.7,50.3,76.5,186,2
96,123064.0,109.9,36.0,57.5,94.7,40.5,29,2
35,66086.0,83.5,26.7,56.0,37.0,74.8,58,2
44,19861.0,114.4,37.9,85.8,28.3,95.0,8,2
90,57338.0,76.9,37.6,55.4,47.5,49.9,323,2
11,92902.0,86.8,34.8,66.8,79.7,41.0,166,1
99,68160.0,99.3,32.5,81.7,70.1,7.8,336,1
72,117028.0,75.1,35.8,44.8,53.3,89.2,278,2
78,149643.0,106.5,25.1,75.7,97.2,24.6,190,2
74,28670.0,89.4,33.9,75.4,78.8,6.4,241,1
66,68948.0,109.2,37.7,81.1,24.9,53.7,277,2
46,64648.0,94.6,30.4,62.2,79.6,84.6,153,1
9,45674.0,79.0,26.6,66.9,21.9,40.7,159,1
3,29714.0,106.7,31.3,59.8,72.0,78.3,264,2
85,9854.0,82.6,35.9,88.5,36.8,83.6,234,2
26,133068.0,94.5,26.6,47.8,75.7,45.4,345,2
72,62977.0,73.8,28.1,97.8,44.8,59.1,198,2
48,74534.0,100.9,27.2,78.1,89.8,53.4,32,1
66,137541.0,103.3,37.0,93.2,47.0,93.9,88,2
70,116444.0,88.9,25.9,65.6,69.6,72.6,94,2
28,19575.0,117.7,35.3,59.9,42.9,92.5,220,2
93,84813.0,113.7,30.5,94.0,93.4,22.0,68,1
26,66338.0,105.4,36.3,45.9,82.5,31.0,293,2
25,119582.0,105.7,39.5,47.0,39.5,7.1,236,2
12,108635.0,82.6,26.7,58.0,95.9,50.0,159,2
5,103561.0,102.8,29.7,97.6,48.6,87.4,319,2
98,51082.0,79.9,37.2,78.0,72.1,32.7,327,1
48,120745.0,77.2,29.0,73.3,79.4,12.8,275,2
37,7859.0,120.0,28.2,82.3,21.8,6.8,289,2
79,23944.0,101.1,37.4,65.0,96.7,44.8,41,0
44,50343.0,91.5,39.8,85.5,47.6,16.4,65,0
15,11521.0,84.4,33.4,63.6,35.2,34.6,20,1
43,35249.0,100.2,29.2,89.6,88.1,82.0,334,2
48,124523.0,72.5,31.0,56.0,76.2,38.4,69,1
87,142238.0,74.7,27.6,56.7,26.9,61.0,260,2
70,45690.0,71.6,36.4,71.3,29.4,50.2,245,2
46,39677.0,95.0,36.6,65.8,77.2,71.9,322,1
43,41984.0,100.0,38.1,78.9,26.0,15.6,234,2
21,41658.0,73.1,25.4,61.9,93.4,92.0,271,2
23,5390.0,106.1,33.4,53.8,79.3,64.4,98,2
80,139037.0,81.5,28.2,68.2,46.8,27.1,328,2
47,32055.0,104.3,30.1,73.7,49.0,12.3,34,1
15,63001.0,119.1,36.8,48.6,60.5,15.0,338,2
25,1453.0,104.6,27.9,73.4,48.9,78.3,170,2
36,128693.0,114.2,34.6,59.2,82.7,58.8,109,2
75,109674.0,117.4,34.8,63.5,98.0,38.1,294,2
51,142013.0,94.3,39.3,56.8,66.8,33.3,9,1
15,117242.0,105.1,36.6,95.9,55.7,85.6,201,2
68,47056.0,112.6,37.1,81.0,37.8,87.5,256,2
21,37181.0,87.8,33.0,55.7,72.3,58.1,261,1
13,104657.0,83.1,27.8,78.7,74.8,52.5,180,2
86,54617.0,117.3,31.4,90.9,74.8,81.6,65,1
19,84932.0,106.3,33.2,64.1,22.2,74.9,293,2
34,939.0,81.0,35.2,89.8,91.9,40.0,160,0
78,9283.0,92.5,34.1,49.3,47.0,8.3,66,1
68,80305.0,109.8,30.9,89.4,79.5,76.9,99,2
52,84911.0,97.4,29.0,72.4,80.8,16.9,76,1
27,112718.0,102.5,27.5,53.4,72.0,1.6,34,2
29,19795.0,107.7,35.4,64.4,51.6,84.3,44,2
28,76977.0,101.1,34.7,99.3,68.7,57.8,149,1
35,29167.0,97.0,35.3,87.0,23.2,89.2,67,1
8,13979.0,107.5,30.6,74.5,81.0,48.5,253,1
16,61574.0,106.4,28.9,46.9,28.0,92.6,16,2
36,24500.0,101.5,36.4,65.1,51.7,35.4,260,1
30,33267.0,88.0,36.6,55.8,28.3,72.5,212,2
18,47633.0,90.3,31.8,44.3,87.0,30.1,312,1
2,38908.0,118.5,34.2,72.5,64.0,0.1,255,1
49,13139.0,75.6,30.6,93.4,75.3,38.0,215,0
77,13487.0,83.4,35.5,80.5,74.6,73.8,350,1
4,28987.0,94.6,37.5,55.0,87.3,15.0,285,1
90,7584.0,111.8,35.3,74.4,30.6,50.5,6,2
89,93969.0,78.2,32.7,96.6,72.8,21.2,198,1
94,43099.0,83.8,31.9,83.4,66.0,7.5,90,0
75,41962.0,73.3,34.6,81.4,22.5,61.7,146,1
7,49800.0,105.3,35.2,98.1,36.1,95.2,149,2
95,99419.0,81.9,33.4,87.9,41.4,31.1,51,0
74,130595.0,89.4,34.4,48.2,25.8,58.1,242,2
39,113863.0,92.2,26.4,60.9,48.4,95.4,218,2
13,109129.0,114.6,39.3,97.9,22.2,65.0,5,2
31,72659.0,90.6,36.9,69.4,64.3,67.3,108,1
71,104071.0,77.3,30.6,46.7,36.9,17.9,350,2
63,82914.0,96.2,33.4,67.5,43.0,49.3,65,1
56,32438.0,118.1,25.7,81.8,92.8,36.7,9,1
42,31288.0,100.4,25.6,99.9,60.2,47.1,201,1
61,44459.0,119.2,28.8,59.4,41.5,80.1,281,2
42,136620.0,112.1,35.3,70.8,67.9,46.1,213,2
56,82112.0,71.8,37.8,92.8,36.1,6.3,67,1
36,110086.0,102.9,33.4,61.3,26.0,90.6,246,2
84,51984.0,84.3,33.0,46.6,21.7,54.5,353,2
68,61157.0,98.0,31.0,96.9,96.1,92.4,326,2
7,18835.0,84.0,27.4,69.3,78.0,57.2,49,1
54,25694.0,87.4,26.8,70.2,84.0,7.0,16,0
1,124103.0,116.2,36.4,77.3,98.5,55.3,10,2
44,87726.0,80.3,38.9,40.2,94.5,57.6,308,2
45,50630.0,113.7,31.9,95.9,79.0,21.4,305,1
47,120428.0,71.5,34.9,61.7,75.5,47.1,123,1
13,36978.0,74.5,38.7,63.8,46.9,45.9,224,1
22,146405.0,112.7,26.4,50.4,28.3,62.3,243,2
21,51723.0,101.5,36.6,62.7,65.9,26.0,317,1
86,50597.0,107.4,34.3,88.2,66.1,58.2,331,2
92,46787.0,80.5,34.0,88.0,96.2,24.1,345,0
9,18317.0,96.9,29.4,96.1,55.4,44.6,28,1
26,16671.0,106.9,35.3,64.2,75.3,12.3,357,1
9,97216.0,101.4,36.9,82.5,66.0,3.7,356,1
15,131268.0,93.6,26.7,70.4,34.1,32.1,364,2
10,118578.0,118.0,33.0,88.2,67.4,27.5,284,2
88,21166.0,103.8,26.5,82.8,63.2,40.7,58,0
42,81837.0,115.4,38.1,62.1,59.5,96.2,142,2
72,15839.0,106.5,32.6,60.2,61.1,52.2,325,2
24,6794.0,106.8,37.1,55.1,33.1,55.3,351,2
80,98458.0,74.0,30.5,74.6,57.1,94.2,299,2
49,80273.0,88.0,26.9,97.8,68.5,92.1,225,2
26,12304.0,112.9,25.6,52.0,59.2,88.4,163,2
91,5241.0,81.6,29.2,45.7,59.1,9.8,83,1
37,148463.0,75.8,28.7,47.2,26.2,63.4,312,2
68,4503.0,86.3,33.4,87.0,35.3,80.8,116,1
50,66679.0,81.0,25.3,61.0,45.7,83.6,319,2
24,75693.0,116.3,32.8,53.5,53.5,57.8,203,2
19,17592.0,113.4,30.9,61.2,67.5,1.7,354,1
60,25359.0,95.0,33.7,78.7,89.1,97.4,293,1
39,52771.0,73.1,35.5,72.8,32.7,47.2,144,1
74,114251.0,105.7,34.5,84.6,21.2,39.4,26,2
89,76062.0,101.2,39.8,60.3,55.9,39.5,16,1
18,95685.0,118.5,27.1,67.1,54.6,42.4,62,2
19,147776.0,97.9,31.4,46.1,64.2,24.2,266,2
36,115201.0,86.8,31.4,44.4,86.7,32.7,63,1
74,65154.0,96.0,31.3,67.7,84.2,98.5,38,1
97,66966.0,119.0,35.0,58.1,28.0,36.8,129,2
55,92816.0,104.8,32.3,76.8,94.7,52.7,114,1
69,99805.0,103.6,32.8,42.6,28.8,84.8,44,2
47,75107.0,82.0,31.5,47.3,70.8,52.7,215,2
49,96729.0,107.2,39.9,91.9,73.8,32.4,87,1
99,3530.0,107.5,38.9,74.0,74.4,52.4,335,2
98,64443.0,85.9,29.6,82.7,41.2,11.4,176,1
33,41841.0,94.2,26.7,90.5,46.4,13.0,264,1
21,19376.0,84.7,37.6,67.8,63.9,69.4,104,1
81,14932.0,82.9,40.0,85.7,36.0,91.7,333,2
22,90479.0,71.3,29.4,71.5,21.6,72.6,300,2
48,78540.0,84.3,30.4,53.4,65.0,7.5,170,1
37,38038.0,97.7,39.1,60.3,57.2,40.3,107,1
15,70643.0,70.1,35.7,69.4,72.5,0.3,354,1
35,73835.0,84.2,29.4,59.0,31.7,51.1,160,2
92,29251.0,114.1,33.7,60.1,87.3,19.3,282,1
71,97814.0,99.7,39.2,60.2,31.7,86.8,39,2
32,117138.0,100.4,37.2,47.4,91.3,10.4,25,1
11,118720.0,90.2,36.1,45.1,56.0,0.1,82,1
10,90370.0,103.8,36.1,42.8,64.0,45.1,172,1
73,76746.0,79.5,27.7,46.7,91.7,15.5,172,1
78,9151.0,110.9,37.4,60.6,44.0,73.8,281,2
77,43175.0,75.8,29.1,75.6,34.5,92.0,69,2
57,13991.0,102.8,39.0,51.3,55.7,4.2,322,2
25,144573.0,87.1,30.5,93.3,39.5,39.6,5,1
2,20262.0,107.4,37.9,88.5,62.2,99.7,283,2
64,22766.0,97.5,29.0,71.2,42.0,73.3,194,2
35,133436.0,92.6,32.7,83.5,89.2,95.3,12,1
7,141589.0,78.5,26.6,62.0,68.6,16.4,62,1
85,114874.0,101.8,34.9,42.2,20.0,22.1,12,2
18,811.0,118.7,37.5,94.3,84.4,15.5,248,1
67,202.0,111.3,35.8,47.7,46.4,30.2,204,2
42,56715.0,73.0,32.8,96.9,45.6,72.4,252,2
39,21509.0,88.8,25.7,74.3,50.6,16.5,39,1
41,2758.0,116.3,39.0,58.3,70.4,52.4,164,2
75,69610.0,95.2,35.6,69.7,55.4,26.9,30,1
24,141459.0,103.1,36.2,70.1,70.3,82.9,16,2
60,48573.0,115.6,36.9,41.4,31.7,0.7,136,2
46,99171.0,113.7,36.2,61.3,97.6,22.3,364,2
19,97835.0,95.1,31.6,84.4,78.4,60.5,319,1
68,37662.0,91.9,36.0,70.6,40.0,9.7,312,1
90,97564.0,87.0,34.4,54.7,77.9,46.6,164,1
42,31850.0,106.0,37.8,60.1,66.0,43.6,280,1
32,18301.0,84.3,37.0,91.8,28.7,85.3,222,2
39,105207.0,82.5,25.6,71.5,34.3,62.5,121,2
36,17016.0,87.8,30.7,71.7,23.3,64.0,77,1
97,149536.0,78.9,25.5,97.7,84.7,95.2,312,2
36,27518.0,104.8,26.5,59.3,64.1,98.2,326,2
3,89121.0,100.8,34.0,68.8,45.3,65.3,87,1
73,61706.0,94.1,38.1,88.7,30.1,52.2,112,1
8,18958.0,89.5,26.8,85.5,58.7,60.8,99,1
97,4177.0,115.5,31.8,55.9,62.0,38.2,302,2
70,93410.0,71.5,38.7,49.1,76.2,98.7,238,2
41,121014.0,108.5,37.2,82.0,97.6,70.5,345,2
68,126302.0,115.1,32.8,55.5,54.8,29.1,110,2
13,72407.0,92.3,36.6,95.4,52.5,5.8,89,0
49,116618.0,97.5,32.8,47.8,49.6,4.5,138,2
60,100927.0,117.2,27.4,59.1,86.2,20.5,134,2
2,108638.0,80.6,26.9,43.3,32.5,23.3,11,2
60,73890.0,96.0,27.8,82.2,47.5,41.5,243,2
5,95012.0,93.7,30.3,93.5,78.0,21.5,181,1
44,120829.0,82.9,39.0,78.2,21.3,63.1,194,2
27,59683.0,110.9,37.0,96.3,43.2,21.1,361,2
32,120897.0,115.0,31.5,47.7,71.3,18.8,121,2
21,88803.0,109.1,32.4,45.3,34.9,47.1,52,2
